pdb_id,chain_id,resname,resseq,icode,residue_label,category,atom_count,element_count,min_distance_to_truth,truth_contacts_within_threshold,protein_contacts_within_threshold,recommended_for_ligand_contact,recommendation_reason
3ROP,A,50A,301,,A:50A:301,ligand_like,13,4,1.4065251508593757,4,11,True,ligand-like residue contacts known CD38 truth residues
3ROP,A,NCA,302,,A:NCA:302,ligand_like,9,3,2.540951790176272,5,7,True,ligand-like residue contacts known CD38 truth residues
3ROP,A,HOH,408,,A:HOH:408,solvent_or_buffer,1,1,2.5226133274840206,1,3,False,excluded as solvent_or_buffer
3ROP,A,HOH,42,,A:HOH:42,solvent_or_buffer,1,1,2.7943374885650436,1,6,False,excluded as solvent_or_buffer
3ROP,A,HOH,396,,A:HOH:396,solvent_or_buffer,1,1,2.9454305288021985,2,4,False,excluded as solvent_or_buffer
3ROP,A,HOH,364,,A:HOH:364,solvent_or_buffer,1,1,3.01833464016169,2,3,False,excluded as solvent_or_buffer
3ROP,A,HOH,5,,A:HOH:5,solvent_or_buffer,1,1,3.420786313115738,2,7,False,excluded as solvent_or_buffer
3ROP,A,HOH,312,,A:HOH:312,solvent_or_buffer,1,1,3.6154041267885937,1,3,False,excluded as solvent_or_buffer
3ROP,A,HOH,314,,A:HOH:314,solvent_or_buffer,1,1,3.625101929601428,2,4,False,excluded as solvent_or_buffer
3ROP,A,HOH,317,,A:HOH:317,solvent_or_buffer,1,1,3.696139066647792,1,2,False,excluded as solvent_or_buffer
3ROP,A,HOH,402,,A:HOH:402,solvent_or_buffer,1,1,3.767419408560719,2,2,False,excluded as solvent_or_buffer
3ROP,A,HOH,300,,A:HOH:300,solvent_or_buffer,1,1,3.8608157169178634,1,3,False,excluded as solvent_or_buffer
3ROP,A,HOH,19,,A:HOH:19,solvent_or_buffer,1,1,4.018949365194838,1,7,False,excluded as solvent_or_buffer
3ROP,A,HOH,311,,A:HOH:311,solvent_or_buffer,1,1,4.590104573972144,0,6,False,excluded as solvent_or_buffer
3ROP,A,HOH,323,,A:HOH:323,solvent_or_buffer,1,1,4.763321215286664,0,3,False,excluded as solvent_or_buffer
3ROP,A,HOH,361,,A:HOH:361,solvent_or_buffer,1,1,4.7799780334223305,0,3,False,excluded as solvent_or_buffer
3ROP,A,HOH,393,,A:HOH:393,solvent_or_buffer,1,1,4.867312810987189,0,3,False,excluded as solvent_or_buffer
3ROP,A,HOH,347,,A:HOH:347,solvent_or_buffer,1,1,5.146541362896057,0,4,False,excluded as solvent_or_buffer
3ROP,A,HOH,329,,A:HOH:329,solvent_or_buffer,1,1,5.602010888957644,0,4,False,excluded as solvent_or_buffer
3ROP,A,HOH,399,,A:HOH:399,solvent_or_buffer,1,1,5.796685345954184,0,3,False,excluded as solvent_or_buffer
3ROP,A,HOH,321,,A:HOH:321,solvent_or_buffer,1,1,5.984577595787358,0,2,False,excluded as solvent_or_buffer
3ROP,A,HOH,315,,A:HOH:315,solvent_or_buffer,1,1,6.094998359310689,0,2,False,excluded as solvent_or_buffer
3ROP,A,HOH,370,,A:HOH:370,solvent_or_buffer,1,1,6.276593104543259,0,4,False,excluded as solvent_or_buffer
3ROP,A,HOH,324,,A:HOH:324,solvent_or_buffer,1,1,6.522693921992659,0,4,False,excluded as solvent_or_buffer
3ROP,A,HOH,330,,A:HOH:330,solvent_or_buffer,1,1,6.667856102226563,0,4,False,excluded as solvent_or_buffer
3ROP,A,HOH,307,,A:HOH:307,solvent_or_buffer,1,1,6.676849556489947,0,4,False,excluded as solvent_or_buffer
3ROP,A,HOH,298,,A:HOH:298,solvent_or_buffer,1,1,6.694891634671914,0,5,False,excluded as solvent_or_buffer
3ROP,A,HOH,405,,A:HOH:405,solvent_or_buffer,1,1,6.738155682380753,0,3,False,excluded as solvent_or_buffer
3ROP,A,HOH,373,,A:HOH:373,solvent_or_buffer,1,1,6.773535635102246,0,2,False,excluded as solvent_or_buffer
3ROP,A,HOH,385,,A:HOH:385,solvent_or_buffer,1,1,7.073281982220134,0,5,False,excluded as solvent_or_buffer
3ROP,A,HOH,3,,A:HOH:3,solvent_or_buffer,1,1,7.088835235777455,0,9,False,excluded as solvent_or_buffer
3ROP,A,HOH,353,,A:HOH:353,solvent_or_buffer,1,1,7.18092215526669,0,2,False,excluded as solvent_or_buffer
3ROP,A,HOH,367,,A:HOH:367,solvent_or_buffer,1,1,7.362183235970157,0,4,False,excluded as solvent_or_buffer
3ROP,A,HOH,384,,A:HOH:384,solvent_or_buffer,1,1,7.418469788305402,0,2,False,excluded as solvent_or_buffer
3ROP,A,HOH,345,,A:HOH:345,solvent_or_buffer,1,1,7.705222968869883,0,2,False,excluded as solvent_or_buffer
3ROP,A,HOH,316,,A:HOH:316,solvent_or_buffer,1,1,7.761158869653425,0,5,False,excluded as solvent_or_buffer
3ROP,A,HOH,309,,A:HOH:309,solvent_or_buffer,1,1,7.776874757896002,0,6,False,excluded as solvent_or_buffer
3ROP,A,HOH,308,,A:HOH:308,solvent_or_buffer,1,1,7.783096620240557,0,3,False,excluded as solvent_or_buffer
3ROP,A,HOH,394,,A:HOH:394,solvent_or_buffer,1,1,7.914951547545953,0,3,False,excluded as solvent_or_buffer
3ROP,A,HOH,354,,A:HOH:354,solvent_or_buffer,1,1,7.93854104984033,0,6,False,excluded as solvent_or_buffer
3ROP,A,HOH,34,,A:HOH:34,solvent_or_buffer,1,1,7.992437738262337,0,5,False,excluded as solvent_or_buffer
3ROP,A,HOH,331,,A:HOH:331,solvent_or_buffer,1,1,8.427487703936448,0,3,False,excluded as solvent_or_buffer
3ROP,A,HOH,306,,A:HOH:306,solvent_or_buffer,1,1,8.454860968697238,0,5,False,excluded as solvent_or_buffer
3ROP,A,HOH,17,,A:HOH:17,solvent_or_buffer,1,1,8.49234402270657,0,7,False,excluded as solvent_or_buffer
3ROP,A,HOH,18,,A:HOH:18,solvent_or_buffer,1,1,8.509105358379344,0,5,False,excluded as solvent_or_buffer
3ROP,A,HOH,303,,A:HOH:303,solvent_or_buffer,1,1,8.57718135520055,0,4,False,excluded as solvent_or_buffer
3ROP,A,HOH,388,,A:HOH:388,solvent_or_buffer,1,1,8.725991404992328,0,1,False,excluded as solvent_or_buffer
3ROP,A,HOH,333,,A:HOH:333,solvent_or_buffer,1,1,9.121615810808962,0,5,False,excluded as solvent_or_buffer
3ROP,A,HOH,398,,A:HOH:398,solvent_or_buffer,1,1,9.521691498888211,0,2,False,excluded as solvent_or_buffer
3ROP,A,HOH,357,,A:HOH:357,solvent_or_buffer,1,1,9.684383150206314,0,4,False,excluded as solvent_or_buffer
3ROP,A,HOH,41,,A:HOH:41,solvent_or_buffer,1,1,9.728666763745174,0,6,False,excluded as solvent_or_buffer
3ROP,A,HOH,358,,A:HOH:358,solvent_or_buffer,1,1,10.059418969304344,0,2,False,excluded as solvent_or_buffer
3ROP,A,HOH,25,,A:HOH:25,solvent_or_buffer,1,1,10.063389091156116,0,7,False,excluded as solvent_or_buffer
3ROP,A,HOH,39,,A:HOH:39,solvent_or_buffer,1,1,10.346311709976648,0,5,False,excluded as solvent_or_buffer
3ROP,A,HOH,366,,A:HOH:366,solvent_or_buffer,1,1,10.35032448766704,0,3,False,excluded as solvent_or_buffer
3ROP,A,HOH,401,,A:HOH:401,solvent_or_buffer,1,1,10.712808035244537,0,3,False,excluded as solvent_or_buffer
3ROP,A,HOH,390,,A:HOH:390,solvent_or_buffer,1,1,10.813720035214523,0,4,False,excluded as solvent_or_buffer
3ROP,A,HOH,2,,A:HOH:2,solvent_or_buffer,1,1,10.908545870096523,0,8,False,excluded as solvent_or_buffer
3ROP,A,HOH,391,,A:HOH:391,solvent_or_buffer,1,1,11.350802790992361,0,1,False,excluded as solvent_or_buffer
3ROP,A,HOH,305,,A:HOH:305,solvent_or_buffer,1,1,11.559942300894065,0,7,False,excluded as solvent_or_buffer
3ROP,A,HOH,21,,A:HOH:21,solvent_or_buffer,1,1,11.684907316705598,0,3,False,excluded as solvent_or_buffer
3ROP,A,HOH,387,,A:HOH:387,solvent_or_buffer,1,1,11.912284835412558,0,6,False,excluded as solvent_or_buffer
3ROP,A,HOH,318,,A:HOH:318,solvent_or_buffer,1,1,11.93608126647938,0,2,False,excluded as solvent_or_buffer
3ROP,A,HOH,343,,A:HOH:343,solvent_or_buffer,1,1,12.018709498111683,0,1,False,excluded as solvent_or_buffer
3ROP,A,HOH,372,,A:HOH:372,solvent_or_buffer,1,1,12.3471266697965,0,3,False,excluded as solvent_or_buffer
3ROP,A,HOH,386,,A:HOH:386,solvent_or_buffer,1,1,12.500466991276769,0,4,False,excluded as solvent_or_buffer
3ROP,A,HOH,348,,A:HOH:348,solvent_or_buffer,1,1,12.620679894522322,0,3,False,excluded as solvent_or_buffer
3ROP,A,HOH,310,,A:HOH:310,solvent_or_buffer,1,1,12.790284437806692,0,1,False,excluded as solvent_or_buffer
3ROP,A,HOH,320,,A:HOH:320,solvent_or_buffer,1,1,13.256722294745408,0,9,False,excluded as solvent_or_buffer
3ROP,A,HOH,397,,A:HOH:397,solvent_or_buffer,1,1,13.39895645190326,0,4,False,excluded as solvent_or_buffer
3ROP,A,HOH,349,,A:HOH:349,solvent_or_buffer,1,1,13.678221594929656,0,3,False,excluded as solvent_or_buffer
3ROP,A,HOH,346,,A:HOH:346,solvent_or_buffer,1,1,13.912470305448993,0,5,False,excluded as solvent_or_buffer
3ROP,A,HOH,365,,A:HOH:365,solvent_or_buffer,1,1,14.00317421158503,0,4,False,excluded as solvent_or_buffer
3ROP,A,HOH,12,,A:HOH:12,solvent_or_buffer,1,1,14.010470406092725,0,1,False,excluded as solvent_or_buffer
3ROP,A,HOH,304,,A:HOH:304,solvent_or_buffer,1,1,14.041339430410476,0,5,False,excluded as solvent_or_buffer
3ROP,A,HOH,332,,A:HOH:332,solvent_or_buffer,1,1,14.054317841859135,0,5,False,excluded as solvent_or_buffer
3ROP,A,HOH,322,,A:HOH:322,solvent_or_buffer,1,1,14.454854167372288,0,3,False,excluded as solvent_or_buffer
3ROP,A,HOH,6,,A:HOH:6,solvent_or_buffer,1,1,14.586247289827494,0,4,False,excluded as solvent_or_buffer
3ROP,A,HOH,334,,A:HOH:334,solvent_or_buffer,1,1,14.640245558049905,0,1,False,excluded as solvent_or_buffer
3ROP,A,HOH,389,,A:HOH:389,solvent_or_buffer,1,1,14.671650963678218,0,2,False,excluded as solvent_or_buffer
3ROP,A,HOH,400,,A:HOH:400,solvent_or_buffer,1,1,14.872727423038453,0,1,False,excluded as solvent_or_buffer
3ROP,A,HOH,395,,A:HOH:395,solvent_or_buffer,1,1,14.907980849196177,0,5,False,excluded as solvent_or_buffer
3ROP,A,HOH,383,,A:HOH:383,solvent_or_buffer,1,1,14.949834714805373,0,3,False,excluded as solvent_or_buffer
3ROP,A,HOH,328,,A:HOH:328,solvent_or_buffer,1,1,14.957363972304746,0,3,False,excluded as solvent_or_buffer
3ROP,A,HOH,380,,A:HOH:380,solvent_or_buffer,1,1,15.14926196222113,0,4,False,excluded as solvent_or_buffer
3ROP,A,HOH,28,,A:HOH:28,solvent_or_buffer,1,1,15.159819458027856,0,2,False,excluded as solvent_or_buffer
3ROP,A,HOH,382,,A:HOH:382,solvent_or_buffer,1,1,15.234463364359113,0,2,False,excluded as solvent_or_buffer
3ROP,A,HOH,407,,A:HOH:407,solvent_or_buffer,1,1,15.406752350836303,0,5,False,excluded as solvent_or_buffer
3ROP,A,HOH,342,,A:HOH:342,solvent_or_buffer,1,1,15.513202151715808,0,3,False,excluded as solvent_or_buffer
3ROP,A,HOH,299,,A:HOH:299,solvent_or_buffer,1,1,15.536589490618589,0,4,False,excluded as solvent_or_buffer
3ROP,A,HOH,326,,A:HOH:326,solvent_or_buffer,1,1,16.05329009891742,0,3,False,excluded as solvent_or_buffer
3ROP,A,HOH,327,,A:HOH:327,solvent_or_buffer,1,1,16.170683937298385,0,2,False,excluded as solvent_or_buffer
3ROP,A,HOH,359,,A:HOH:359,solvent_or_buffer,1,1,16.49134288043275,0,4,False,excluded as solvent_or_buffer
3ROP,A,HOH,371,,A:HOH:371,solvent_or_buffer,1,1,16.534849439895122,0,2,False,excluded as solvent_or_buffer
3ROP,A,HOH,337,,A:HOH:337,solvent_or_buffer,1,1,16.592642164525817,0,6,False,excluded as solvent_or_buffer
3ROP,A,HOH,381,,A:HOH:381,solvent_or_buffer,1,1,16.614653592536918,0,3,False,excluded as solvent_or_buffer
3ROP,A,HOH,313,,A:HOH:313,solvent_or_buffer,1,1,16.761761363293534,0,6,False,excluded as solvent_or_buffer
3ROP,A,HOH,338,,A:HOH:338,solvent_or_buffer,1,1,16.834773565450767,0,3,False,excluded as solvent_or_buffer
3ROP,A,HOH,344,,A:HOH:344,solvent_or_buffer,1,1,16.890602860762552,0,3,False,excluded as solvent_or_buffer
3ROP,A,HOH,360,,A:HOH:360,solvent_or_buffer,1,1,16.999477433144822,0,2,False,excluded as solvent_or_buffer
3ROP,A,HOH,351,,A:HOH:351,solvent_or_buffer,1,1,17.042912779217055,0,4,False,excluded as solvent_or_buffer
3ROP,A,HOH,319,,A:HOH:319,solvent_or_buffer,1,1,17.092009448862356,0,3,False,excluded as solvent_or_buffer
3ROP,A,HOH,363,,A:HOH:363,solvent_or_buffer,1,1,17.107525712387517,0,5,False,excluded as solvent_or_buffer
3ROP,A,HOH,26,,A:HOH:26,solvent_or_buffer,1,1,17.27413864712218,0,3,False,excluded as solvent_or_buffer
3ROP,A,HOH,341,,A:HOH:341,solvent_or_buffer,1,1,17.294880658738297,0,4,False,excluded as solvent_or_buffer
3ROP,A,HOH,36,,A:HOH:36,solvent_or_buffer,1,1,17.297569598067817,0,3,False,excluded as solvent_or_buffer
3ROP,A,HOH,339,,A:HOH:339,solvent_or_buffer,1,1,17.299970664715012,0,4,False,excluded as solvent_or_buffer
3ROP,A,HOH,325,,A:HOH:325,solvent_or_buffer,1,1,17.312742301553495,0,5,False,excluded as solvent_or_buffer
3ROP,A,HOH,14,,A:HOH:14,solvent_or_buffer,1,1,17.404958431435567,0,1,False,excluded as solvent_or_buffer
3ROP,A,HOH,336,,A:HOH:336,solvent_or_buffer,1,1,17.424658188900008,0,1,False,excluded as solvent_or_buffer
3ROP,A,HOH,352,,A:HOH:352,solvent_or_buffer,1,1,17.52972464130569,0,4,False,excluded as solvent_or_buffer
3ROP,A,HOH,377,,A:HOH:377,solvent_or_buffer,1,1,17.699338349215203,0,2,False,excluded as solvent_or_buffer
3ROP,A,HOH,392,,A:HOH:392,solvent_or_buffer,1,1,17.837042411790133,0,2,False,excluded as solvent_or_buffer
3ROP,A,HOH,335,,A:HOH:335,solvent_or_buffer,1,1,17.91734349729334,0,3,False,excluded as solvent_or_buffer
3ROP,A,HOH,297,,A:HOH:297,solvent_or_buffer,1,1,18.00007572206295,0,7,False,excluded as solvent_or_buffer
3ROP,A,HOH,374,,A:HOH:374,solvent_or_buffer,1,1,18.065531019042865,0,2,False,excluded as solvent_or_buffer
3ROP,A,HOH,379,,A:HOH:379,solvent_or_buffer,1,1,18.3316569354764,0,0,False,excluded as solvent_or_buffer
3ROP,A,HOH,368,,A:HOH:368,solvent_or_buffer,1,1,18.38954455662239,0,3,False,excluded as solvent_or_buffer
3ROP,A,HOH,376,,A:HOH:376,solvent_or_buffer,1,1,18.55998348598403,0,2,False,excluded as solvent_or_buffer
3ROP,A,HOH,350,,A:HOH:350,solvent_or_buffer,1,1,18.780648497855445,0,2,False,excluded as solvent_or_buffer
3ROP,A,HOH,356,,A:HOH:356,solvent_or_buffer,1,1,19.413445392304784,0,0,False,excluded as solvent_or_buffer
3ROP,A,HOH,378,,A:HOH:378,solvent_or_buffer,1,1,19.53883952541706,0,6,False,excluded as solvent_or_buffer
3ROP,A,HOH,369,,A:HOH:369,solvent_or_buffer,1,1,20.045839792834823,0,3,False,excluded as solvent_or_buffer
3ROP,A,HOH,403,,A:HOH:403,solvent_or_buffer,1,1,20.08057160541004,0,1,False,excluded as solvent_or_buffer
3ROP,A,HOH,406,,A:HOH:406,solvent_or_buffer,1,1,21.74902977146337,0,2,False,excluded as solvent_or_buffer
3ROP,A,HOH,355,,A:HOH:355,solvent_or_buffer,1,1,23.723132592471842,0,3,False,excluded as solvent_or_buffer
3ROP,A,HOH,375,,A:HOH:375,solvent_or_buffer,1,1,23.781789840127676,0,1,False,excluded as solvent_or_buffer
3ROP,A,HOH,340,,A:HOH:340,solvent_or_buffer,1,1,27.03345577243131,0,3,False,excluded as solvent_or_buffer
3ROP,A,HOH,404,,A:HOH:404,solvent_or_buffer,1,1,28.300909349347773,0,3,False,excluded as solvent_or_buffer
3ROP,A,HOH,362,,A:HOH:362,solvent_or_buffer,1,1,29.50280710373167,0,1,False,excluded as solvent_or_buffer
4OGW,A,NMN,401,,A:NMN:401,ligand_like,22,4,2.7077728856017442,7,14,True,ligand-like residue contacts known CD38 truth residues
4OGW,A,HOH,503,,A:HOH:503,solvent_or_buffer,1,1,2.7605686008501933,1,6,False,excluded as solvent_or_buffer
4OGW,A,HOH,502,,A:HOH:502,solvent_or_buffer,1,1,3.3420055356028358,2,6,False,excluded as solvent_or_buffer
4OGW,A,HOH,501,,A:HOH:501,solvent_or_buffer,1,1,3.641413461830447,2,7,False,excluded as solvent_or_buffer
4OGW,A,HOH,603,,A:HOH:603,solvent_or_buffer,1,1,3.6517350670605895,2,2,False,excluded as solvent_or_buffer
4OGW,A,HOH,573,,A:HOH:573,solvent_or_buffer,1,1,4.0251869521799835,1,6,False,excluded as solvent_or_buffer
4OGW,A,HOH,661,,A:HOH:661,solvent_or_buffer,1,1,4.219302904509227,1,2,False,excluded as solvent_or_buffer
4OGW,A,HOH,565,,A:HOH:565,solvent_or_buffer,1,1,4.407432245650521,1,2,False,excluded as solvent_or_buffer
4OGW,A,HOH,628,,A:HOH:628,solvent_or_buffer,1,1,4.502794465662407,0,3,False,excluded as solvent_or_buffer
4OGW,A,HOH,587,,A:HOH:587,solvent_or_buffer,1,1,4.672027504199864,0,7,False,excluded as solvent_or_buffer
4OGW,A,HOH,605,,A:HOH:605,solvent_or_buffer,1,1,4.746066476567727,0,3,False,excluded as solvent_or_buffer
4OGW,A,HOH,579,,A:HOH:579,solvent_or_buffer,1,1,4.797034187912361,0,5,False,excluded as solvent_or_buffer
4OGW,A,HOH,652,,A:HOH:652,solvent_or_buffer,1,1,4.981322916655776,0,3,False,excluded as solvent_or_buffer
4OGW,A,HOH,631,,A:HOH:631,solvent_or_buffer,1,1,5.225247458254969,0,2,False,excluded as solvent_or_buffer
4OGW,A,HOH,607,,A:HOH:607,solvent_or_buffer,1,1,5.331169571491794,0,2,False,excluded as solvent_or_buffer
4OGW,A,HOH,606,,A:HOH:606,solvent_or_buffer,1,1,5.524213699704239,0,2,False,excluded as solvent_or_buffer
4OGW,A,HOH,604,,A:HOH:604,solvent_or_buffer,1,1,5.802436557171479,0,7,False,excluded as solvent_or_buffer
4OGW,A,HOH,613,,A:HOH:613,solvent_or_buffer,1,1,5.995936040352667,0,1,False,excluded as solvent_or_buffer
4OGW,A,HOH,563,,A:HOH:563,solvent_or_buffer,1,1,6.06351325553099,0,4,False,excluded as solvent_or_buffer
4OGW,A,HOH,564,,A:HOH:564,solvent_or_buffer,1,1,6.08969317782103,0,3,False,excluded as solvent_or_buffer
4OGW,A,HOH,660,,A:HOH:660,solvent_or_buffer,1,1,6.4070284063674965,0,3,False,excluded as solvent_or_buffer
4OGW,A,HOH,612,,A:HOH:612,solvent_or_buffer,1,1,6.609050234337761,0,4,False,excluded as solvent_or_buffer
4OGW,A,HOH,601,,A:HOH:601,solvent_or_buffer,1,1,6.782650661798822,0,4,False,excluded as solvent_or_buffer
4OGW,A,HOH,567,,A:HOH:567,solvent_or_buffer,1,1,6.955888584501624,0,5,False,excluded as solvent_or_buffer
4OGW,A,HOH,507,,A:HOH:507,solvent_or_buffer,1,1,6.991392207564958,0,4,False,excluded as solvent_or_buffer
4OGW,A,HOH,534,,A:HOH:534,solvent_or_buffer,1,1,7.027893923502261,0,3,False,excluded as solvent_or_buffer
4OGW,A,HOH,588,,A:HOH:588,solvent_or_buffer,1,1,7.036575445484828,0,5,False,excluded as solvent_or_buffer
4OGW,A,HOH,659,,A:HOH:659,solvent_or_buffer,1,1,7.041522917664899,0,1,False,excluded as solvent_or_buffer
4OGW,A,HOH,651,,A:HOH:651,solvent_or_buffer,1,1,7.0672686378826715,0,3,False,excluded as solvent_or_buffer
4OGW,A,HOH,555,,A:HOH:555,solvent_or_buffer,1,1,7.163473528952278,0,8,False,excluded as solvent_or_buffer
4OGW,A,HOH,675,,A:HOH:675,solvent_or_buffer,1,1,7.49207654792715,0,4,False,excluded as solvent_or_buffer
4OGW,A,HOH,656,,A:HOH:656,solvent_or_buffer,1,1,7.5063026850773875,0,3,False,excluded as solvent_or_buffer
4OGW,A,HOH,557,,A:HOH:557,solvent_or_buffer,1,1,7.948957667518424,0,3,False,excluded as solvent_or_buffer
4OGW,A,HOH,581,,A:HOH:581,solvent_or_buffer,1,1,8.012781664316082,0,5,False,excluded as solvent_or_buffer
4OGW,A,HOH,580,,A:HOH:580,solvent_or_buffer,1,1,8.0516685227349,0,4,False,excluded as solvent_or_buffer
4OGW,A,HOH,642,,A:HOH:642,solvent_or_buffer,1,1,8.22687139804677,0,7,False,excluded as solvent_or_buffer
4OGW,A,HOH,602,,A:HOH:602,solvent_or_buffer,1,1,8.236008802812199,0,3,False,excluded as solvent_or_buffer
4OGW,A,HOH,535,,A:HOH:535,solvent_or_buffer,1,1,8.258117763752223,0,6,False,excluded as solvent_or_buffer
4OGW,A,HOH,532,,A:HOH:532,solvent_or_buffer,1,1,8.349415907714743,0,3,False,excluded as solvent_or_buffer
4OGW,A,HOH,504,,A:HOH:504,solvent_or_buffer,1,1,8.443103931611883,0,7,False,excluded as solvent_or_buffer
4OGW,A,HOH,547,,A:HOH:547,solvent_or_buffer,1,1,8.448171991620436,0,5,False,excluded as solvent_or_buffer
4OGW,A,HOH,566,,A:HOH:566,solvent_or_buffer,1,1,8.641392191076621,0,3,False,excluded as solvent_or_buffer
4OGW,A,HOH,505,,A:HOH:505,solvent_or_buffer,1,1,8.693488885367026,0,5,False,excluded as solvent_or_buffer
4OGW,A,HOH,658,,A:HOH:658,solvent_or_buffer,1,1,8.758935323428299,0,4,False,excluded as solvent_or_buffer
4OGW,A,HOH,614,,A:HOH:614,solvent_or_buffer,1,1,8.88591621612538,0,3,False,excluded as solvent_or_buffer
4OGW,A,HOH,595,,A:HOH:595,solvent_or_buffer,1,1,8.94872968638566,0,1,False,excluded as solvent_or_buffer
4OGW,A,HOH,508,,A:HOH:508,solvent_or_buffer,1,1,9.016709266689263,0,5,False,excluded as solvent_or_buffer
4OGW,A,HOH,572,,A:HOH:572,solvent_or_buffer,1,1,9.151556261095703,0,4,False,excluded as solvent_or_buffer
4OGW,A,HOH,550,,A:HOH:550,solvent_or_buffer,1,1,9.167513839640495,0,5,False,excluded as solvent_or_buffer
4OGW,A,HOH,589,,A:HOH:589,solvent_or_buffer,1,1,9.632975085610884,0,3,False,excluded as solvent_or_buffer
4OGW,A,HOH,556,,A:HOH:556,solvent_or_buffer,1,1,9.695214180202518,0,4,False,excluded as solvent_or_buffer
4OGW,A,HOH,506,,A:HOH:506,solvent_or_buffer,1,1,9.912775393400175,0,5,False,excluded as solvent_or_buffer
4OGW,A,HOH,653,,A:HOH:653,solvent_or_buffer,1,1,9.926729672958766,0,3,False,excluded as solvent_or_buffer
4OGW,A,HOH,552,,A:HOH:552,solvent_or_buffer,1,1,10.117025896971894,0,7,False,excluded as solvent_or_buffer
4OGW,A,HOH,582,,A:HOH:582,solvent_or_buffer,1,1,10.180431670612007,0,3,False,excluded as solvent_or_buffer
4OGW,A,HOH,633,,A:HOH:633,solvent_or_buffer,1,1,10.24814236825387,0,5,False,excluded as solvent_or_buffer
4OGW,A,HOH,549,,A:HOH:549,solvent_or_buffer,1,1,10.423451875458532,0,5,False,excluded as solvent_or_buffer
4OGW,A,HOH,597,,A:HOH:597,solvent_or_buffer,1,1,10.704132893420187,0,5,False,excluded as solvent_or_buffer
4OGW,A,HOH,596,,A:HOH:596,solvent_or_buffer,1,1,10.74835903754615,0,3,False,excluded as solvent_or_buffer
4OGW,A,HOH,551,,A:HOH:551,solvent_or_buffer,1,1,11.027860807971779,0,7,False,excluded as solvent_or_buffer
4OGW,A,HOH,585,,A:HOH:585,solvent_or_buffer,1,1,11.109336703872108,0,6,False,excluded as solvent_or_buffer
4OGW,A,HOH,533,,A:HOH:533,solvent_or_buffer,1,1,11.297083428920935,0,2,False,excluded as solvent_or_buffer
4OGW,A,HOH,586,,A:HOH:586,solvent_or_buffer,1,1,11.515028658236158,0,6,False,excluded as solvent_or_buffer
4OGW,A,HOH,583,,A:HOH:583,solvent_or_buffer,1,1,11.606702330981008,0,6,False,excluded as solvent_or_buffer
4OGW,A,HOH,544,,A:HOH:544,solvent_or_buffer,1,1,11.622852231702852,0,7,False,excluded as solvent_or_buffer
4OGW,A,HOH,657,,A:HOH:657,solvent_or_buffer,1,1,11.714844685270052,0,2,False,excluded as solvent_or_buffer
4OGW,A,HOH,568,,A:HOH:568,solvent_or_buffer,1,1,11.842395281360945,0,3,False,excluded as solvent_or_buffer
4OGW,A,HOH,643,,A:HOH:643,solvent_or_buffer,1,1,12.038610717188261,0,5,False,excluded as solvent_or_buffer
4OGW,A,HOH,632,,A:HOH:632,solvent_or_buffer,1,1,12.223302786072185,0,3,False,excluded as solvent_or_buffer
4OGW,A,HOH,617,,A:HOH:617,solvent_or_buffer,1,1,12.366540098184293,0,5,False,excluded as solvent_or_buffer
4OGW,A,HOH,615,,A:HOH:615,solvent_or_buffer,1,1,12.666301512280528,0,2,False,excluded as solvent_or_buffer
4OGW,A,HOH,640,,A:HOH:640,solvent_or_buffer,1,1,12.94907633771614,0,3,False,excluded as solvent_or_buffer
4OGW,A,HOH,649,,A:HOH:649,solvent_or_buffer,1,1,12.966996336854576,0,2,False,excluded as solvent_or_buffer
4OGW,A,HOH,571,,A:HOH:571,solvent_or_buffer,1,1,13.17496030354551,0,4,False,excluded as solvent_or_buffer
4OGW,A,HOH,673,,A:HOH:673,solvent_or_buffer,1,1,13.234724213220312,0,2,False,excluded as solvent_or_buffer
4OGW,A,HOH,575,,A:HOH:575,solvent_or_buffer,1,1,13.250362334668436,0,3,False,excluded as solvent_or_buffer
4OGW,A,HOH,655,,A:HOH:655,solvent_or_buffer,1,1,13.267533455770899,0,2,False,excluded as solvent_or_buffer
4OGW,A,HOH,520,,A:HOH:520,solvent_or_buffer,1,1,13.369869632872268,0,9,False,excluded as solvent_or_buffer
4OGW,A,HOH,519,,A:HOH:519,solvent_or_buffer,1,1,13.408360787210345,0,4,False,excluded as solvent_or_buffer
4OGW,A,HOH,553,,A:HOH:553,solvent_or_buffer,1,1,13.67041879387753,0,4,False,excluded as solvent_or_buffer
4OGW,A,HOH,616,,A:HOH:616,solvent_or_buffer,1,1,13.686484829933505,0,3,False,excluded as solvent_or_buffer
4OGW,A,HOH,545,,A:HOH:545,solvent_or_buffer,1,1,13.768512991605158,0,4,False,excluded as solvent_or_buffer
4OGW,A,HOH,531,,A:HOH:531,solvent_or_buffer,1,1,13.885819853361198,0,5,False,excluded as solvent_or_buffer
4OGW,A,HOH,683,,A:HOH:683,solvent_or_buffer,1,1,13.99921833532144,0,4,False,excluded as solvent_or_buffer
4OGW,A,HOH,618,,A:HOH:618,solvent_or_buffer,1,1,14.066101698765014,0,3,False,excluded as solvent_or_buffer
4OGW,A,HOH,558,,A:HOH:558,solvent_or_buffer,1,1,14.122473366942488,0,2,False,excluded as solvent_or_buffer
4OGW,A,HOH,569,,A:HOH:569,solvent_or_buffer,1,1,14.271739172224244,0,2,False,excluded as solvent_or_buffer
4OGW,A,HOH,644,,A:HOH:644,solvent_or_buffer,1,1,14.352090927805605,0,4,False,excluded as solvent_or_buffer
4OGW,A,HOH,622,,A:HOH:622,solvent_or_buffer,1,1,14.405406589194211,0,3,False,excluded as solvent_or_buffer
4OGW,A,HOH,546,,A:HOH:546,solvent_or_buffer,1,1,14.44629513058625,0,6,False,excluded as solvent_or_buffer
4OGW,A,HOH,627,,A:HOH:627,solvent_or_buffer,1,1,14.782369870896884,0,5,False,excluded as solvent_or_buffer
4OGW,A,HOH,623,,A:HOH:623,solvent_or_buffer,1,1,14.807771101688465,0,2,False,excluded as solvent_or_buffer
4OGW,A,HOH,689,,A:HOH:689,solvent_or_buffer,1,1,14.869869938906662,0,4,False,excluded as solvent_or_buffer
4OGW,A,HOH,672,,A:HOH:672,solvent_or_buffer,1,1,14.874293092446445,0,4,False,excluded as solvent_or_buffer
4OGW,A,HOH,684,,A:HOH:684,solvent_or_buffer,1,1,14.906624735331604,0,3,False,excluded as solvent_or_buffer
4OGW,A,HOH,634,,A:HOH:634,solvent_or_buffer,1,1,14.933431655182277,0,4,False,excluded as solvent_or_buffer
4OGW,A,HOH,619,,A:HOH:619,solvent_or_buffer,1,1,15.01264919992471,0,3,False,excluded as solvent_or_buffer
4OGW,A,HOH,685,,A:HOH:685,solvent_or_buffer,1,1,15.064341406115302,0,1,False,excluded as solvent_or_buffer
4OGW,A,HOH,554,,A:HOH:554,solvent_or_buffer,1,1,15.119197663897381,0,3,False,excluded as solvent_or_buffer
4OGW,A,HOH,598,,A:HOH:598,solvent_or_buffer,1,1,15.141701918872924,0,4,False,excluded as solvent_or_buffer
4OGW,A,HOH,537,,A:HOH:537,solvent_or_buffer,1,1,15.14367448804946,0,3,False,excluded as solvent_or_buffer
4OGW,A,HOH,621,,A:HOH:621,solvent_or_buffer,1,1,15.227342315716161,0,3,False,excluded as solvent_or_buffer
4OGW,A,HOH,637,,A:HOH:637,solvent_or_buffer,1,1,15.296713830100899,0,3,False,excluded as solvent_or_buffer
4OGW,A,HOH,608,,A:HOH:608,solvent_or_buffer,1,1,15.329321478786985,0,3,False,excluded as solvent_or_buffer
4OGW,A,HOH,536,,A:HOH:536,solvent_or_buffer,1,1,15.569691743897822,0,4,False,excluded as solvent_or_buffer
4OGW,A,HOH,584,,A:HOH:584,solvent_or_buffer,1,1,15.643330943248626,0,3,False,excluded as solvent_or_buffer
4OGW,A,HOH,626,,A:HOH:626,solvent_or_buffer,1,1,15.656811105713704,0,4,False,excluded as solvent_or_buffer
4OGW,A,HOH,687,,A:HOH:687,solvent_or_buffer,1,1,15.675560500345755,0,3,False,excluded as solvent_or_buffer
4OGW,A,HOH,574,,A:HOH:574,solvent_or_buffer,1,1,15.736299088413384,0,2,False,excluded as solvent_or_buffer
4OGW,A,HOH,620,,A:HOH:620,solvent_or_buffer,1,1,15.744063166794017,0,2,False,excluded as solvent_or_buffer
4OGW,A,HOH,677,,A:HOH:677,solvent_or_buffer,1,1,15.762850915998666,0,2,False,excluded as solvent_or_buffer
4OGW,A,HOH,647,,A:HOH:647,solvent_or_buffer,1,1,15.80993753940856,0,1,False,excluded as solvent_or_buffer
4OGW,A,HOH,599,,A:HOH:599,solvent_or_buffer,1,1,15.878096233490966,0,3,False,excluded as solvent_or_buffer
4OGW,A,HOH,674,,A:HOH:674,solvent_or_buffer,1,1,15.942229204223604,0,1,False,excluded as solvent_or_buffer
4OGW,A,HOH,641,,A:HOH:641,solvent_or_buffer,1,1,15.960718373557,0,2,False,excluded as solvent_or_buffer
4OGW,A,HOH,669,,A:HOH:669,solvent_or_buffer,1,1,16.058331015395094,0,5,False,excluded as solvent_or_buffer
4OGW,A,HOH,654,,A:HOH:654,solvent_or_buffer,1,1,16.17639805395503,0,2,False,excluded as solvent_or_buffer
4OGW,A,HOH,559,,A:HOH:559,solvent_or_buffer,1,1,16.23423758604019,0,2,False,excluded as solvent_or_buffer
4OGW,A,HOH,560,,A:HOH:560,solvent_or_buffer,1,1,16.270939923679887,0,5,False,excluded as solvent_or_buffer
4OGW,A,HOH,645,,A:HOH:645,solvent_or_buffer,1,1,16.357655852841507,0,2,False,excluded as solvent_or_buffer
4OGW,A,HOH,538,,A:HOH:538,solvent_or_buffer,1,1,16.373560730641337,0,2,False,excluded as solvent_or_buffer
4OGW,A,HOH,646,,A:HOH:646,solvent_or_buffer,1,1,16.431152911466686,0,1,False,excluded as solvent_or_buffer
4OGW,A,HOH,611,,A:HOH:611,solvent_or_buffer,1,1,16.54526415624725,0,2,False,excluded as solvent_or_buffer
4OGW,A,HOH,679,,A:HOH:679,solvent_or_buffer,1,1,16.606986873000174,0,2,False,excluded as solvent_or_buffer
4OGW,A,HOH,635,,A:HOH:635,solvent_or_buffer,1,1,16.633850245808997,0,4,False,excluded as solvent_or_buffer
4OGW,A,HOH,671,,A:HOH:671,solvent_or_buffer,1,1,16.63913687665319,0,4,False,excluded as solvent_or_buffer
4OGW,A,HOH,686,,A:HOH:686,solvent_or_buffer,1,1,16.758347233543052,0,1,False,excluded as solvent_or_buffer
4OGW,A,HOH,650,,A:HOH:650,solvent_or_buffer,1,1,16.8973140469129,0,3,False,excluded as solvent_or_buffer
4OGW,A,HOH,668,,A:HOH:668,solvent_or_buffer,1,1,16.897881819920507,0,3,False,excluded as solvent_or_buffer
4OGW,A,HOH,663,,A:HOH:663,solvent_or_buffer,1,1,16.898268461590966,0,6,False,excluded as solvent_or_buffer
4OGW,A,HOH,540,,A:HOH:540,solvent_or_buffer,1,1,16.92738260925179,0,4,False,excluded as solvent_or_buffer
4OGW,A,HOH,515,,A:HOH:515,solvent_or_buffer,1,1,16.937091043033334,0,5,False,excluded as solvent_or_buffer
4OGW,A,HOH,548,,A:HOH:548,solvent_or_buffer,1,1,17.079644082942714,0,2,False,excluded as solvent_or_buffer
4OGW,A,HOH,680,,A:HOH:680,solvent_or_buffer,1,1,17.099822718379276,0,3,False,excluded as solvent_or_buffer
4OGW,A,HOH,561,,A:HOH:561,solvent_or_buffer,1,1,17.15719612873852,0,3,False,excluded as solvent_or_buffer
4OGW,A,HOH,638,,A:HOH:638,solvent_or_buffer,1,1,17.19839983835706,0,1,False,excluded as solvent_or_buffer
4OGW,A,HOH,670,,A:HOH:670,solvent_or_buffer,1,1,17.2548453484811,0,3,False,excluded as solvent_or_buffer
4OGW,A,HOH,539,,A:HOH:539,solvent_or_buffer,1,1,17.301920615931632,0,2,False,excluded as solvent_or_buffer
4OGW,A,HOH,636,,A:HOH:636,solvent_or_buffer,1,1,17.327767455734165,0,2,False,excluded as solvent_or_buffer
4OGW,A,HOH,648,,A:HOH:648,solvent_or_buffer,1,1,17.490406599047375,0,2,False,excluded as solvent_or_buffer
4OGW,A,HOH,624,,A:HOH:624,solvent_or_buffer,1,1,17.754646068001467,0,3,False,excluded as solvent_or_buffer
4OGW,A,HOH,609,,A:HOH:609,solvent_or_buffer,1,1,17.761742059831857,0,5,False,excluded as solvent_or_buffer
4OGW,A,HOH,678,,A:HOH:678,solvent_or_buffer,1,1,17.783167940499244,0,1,False,excluded as solvent_or_buffer
4OGW,A,HOH,542,,A:HOH:542,solvent_or_buffer,1,1,17.826381938015352,0,3,False,excluded as solvent_or_buffer
4OGW,A,HOH,525,,A:HOH:525,solvent_or_buffer,1,1,17.836601638204517,0,8,False,excluded as solvent_or_buffer
4OGW,A,HOH,676,,A:HOH:676,solvent_or_buffer,1,1,18.20214418688084,0,2,False,excluded as solvent_or_buffer
4OGW,A,HOH,543,,A:HOH:543,solvent_or_buffer,1,1,18.26074809529993,0,4,False,excluded as solvent_or_buffer
4OGW,A,HOH,625,,A:HOH:625,solvent_or_buffer,1,1,18.327692762592893,0,4,False,excluded as solvent_or_buffer
4OGW,A,HOH,570,,A:HOH:570,solvent_or_buffer,1,1,18.384955969487663,0,6,False,excluded as solvent_or_buffer
4OGW,A,HOH,576,,A:HOH:576,solvent_or_buffer,1,1,18.497707452546656,0,3,False,excluded as solvent_or_buffer
4OGW,A,HOH,577,,A:HOH:577,solvent_or_buffer,1,1,18.53815505922852,0,4,False,excluded as solvent_or_buffer
4OGW,A,HOH,521,,A:HOH:521,solvent_or_buffer,1,1,18.7542290164112,0,5,False,excluded as solvent_or_buffer
4OGW,A,HOH,666,,A:HOH:666,solvent_or_buffer,1,1,18.82221203790883,0,1,False,excluded as solvent_or_buffer
4OGW,A,HOH,541,,A:HOH:541,solvent_or_buffer,1,1,18.84016207467441,0,4,False,excluded as solvent_or_buffer
4OGW,A,HOH,682,,A:HOH:682,solvent_or_buffer,1,1,18.895119819678307,0,3,False,excluded as solvent_or_buffer
4OGW,A,HOH,523,,A:HOH:523,solvent_or_buffer,1,1,19.09806367148251,0,4,False,excluded as solvent_or_buffer
4OGW,A,HOH,662,,A:HOH:662,solvent_or_buffer,1,1,19.12694533897141,0,4,False,excluded as solvent_or_buffer
4OGW,A,HOH,517,,A:HOH:517,solvent_or_buffer,1,1,19.188044402700342,0,5,False,excluded as solvent_or_buffer
4OGW,A,HOH,514,,A:HOH:514,solvent_or_buffer,1,1,19.273173817511218,0,6,False,excluded as solvent_or_buffer
4OGW,A,HOH,516,,A:HOH:516,solvent_or_buffer,1,1,19.370683699859438,0,3,False,excluded as solvent_or_buffer
4OGW,A,HOH,524,,A:HOH:524,solvent_or_buffer,1,1,19.385328214915525,0,3,False,excluded as solvent_or_buffer
4OGW,A,HOH,610,,A:HOH:610,solvent_or_buffer,1,1,19.385343819494146,0,3,False,excluded as solvent_or_buffer
4OGW,A,HOH,562,,A:HOH:562,solvent_or_buffer,1,1,19.798257246535616,0,2,False,excluded as solvent_or_buffer
4OGW,A,HOH,639,,A:HOH:639,solvent_or_buffer,1,1,19.83196008971377,0,0,False,excluded as solvent_or_buffer
4OGW,A,HOH,522,,A:HOH:522,solvent_or_buffer,1,1,20.199190627349402,0,4,False,excluded as solvent_or_buffer
4OGW,A,HOH,600,,A:HOH:600,solvent_or_buffer,1,1,20.27189963964897,0,3,False,excluded as solvent_or_buffer
4OGW,A,HOH,629,,A:HOH:629,solvent_or_buffer,1,1,20.588765140240927,0,3,False,excluded as solvent_or_buffer
4OGW,A,HOH,578,,A:HOH:578,solvent_or_buffer,1,1,20.611778671429597,0,1,False,excluded as solvent_or_buffer
4OGW,A,HOH,518,,A:HOH:518,solvent_or_buffer,1,1,20.901894387830016,0,2,False,excluded as solvent_or_buffer
4OGW,A,HOH,513,,A:HOH:513,solvent_or_buffer,1,1,20.940380631688626,0,3,False,excluded as solvent_or_buffer
4OGW,A,HOH,667,,A:HOH:667,solvent_or_buffer,1,1,20.967481417661965,0,2,False,excluded as solvent_or_buffer
4OGW,A,HOH,592,,A:HOH:592,solvent_or_buffer,1,1,21.541591213278558,0,2,False,excluded as solvent_or_buffer
4OGW,A,HOH,529,,A:HOH:529,solvent_or_buffer,1,1,21.730796418907428,0,2,False,excluded as solvent_or_buffer
4OGW,A,HOH,528,,A:HOH:528,solvent_or_buffer,1,1,22.071813813096554,0,4,False,excluded as solvent_or_buffer
4OGW,A,HOH,664,,A:HOH:664,solvent_or_buffer,1,1,22.54899822608534,0,2,False,excluded as solvent_or_buffer
4OGW,A,HOH,530,,A:HOH:530,solvent_or_buffer,1,1,22.606674899241593,0,1,False,excluded as solvent_or_buffer
4OGW,A,HOH,665,,A:HOH:665,solvent_or_buffer,1,1,22.7484238794691,0,1,False,excluded as solvent_or_buffer
4OGW,A,HOH,681,,A:HOH:681,solvent_or_buffer,1,1,23.632700522792565,0,3,False,excluded as solvent_or_buffer
4OGW,A,HOH,591,,A:HOH:591,solvent_or_buffer,1,1,23.759067511162975,0,3,False,excluded as solvent_or_buffer
4OGW,A,HOH,526,,A:HOH:526,solvent_or_buffer,1,1,24.226738823044258,0,3,False,excluded as solvent_or_buffer
4OGW,A,HOH,593,,A:HOH:593,solvent_or_buffer,1,1,24.72253639900243,0,2,False,excluded as solvent_or_buffer
4OGW,A,HOH,590,,A:HOH:590,solvent_or_buffer,1,1,25.382818795397803,0,3,False,excluded as solvent_or_buffer
4OGW,A,HOH,688,,A:HOH:688,solvent_or_buffer,1,1,26.085240194408794,0,2,False,excluded as solvent_or_buffer
4OGW,A,HOH,527,,A:HOH:527,solvent_or_buffer,1,1,26.332225295253725,0,2,False,excluded as solvent_or_buffer
4OGW,A,HOH,594,,A:HOH:594,solvent_or_buffer,1,1,27.01019603779284,0,1,False,excluded as solvent_or_buffer
4OGW,A,HOH,630,,A:HOH:630,solvent_or_buffer,1,1,27.423747464560716,0,4,False,excluded as solvent_or_buffer
4OGW,A,HOH,512,,A:HOH:512,solvent_or_buffer,1,1,28.685340594108343,0,1,False,excluded as solvent_or_buffer
4OGW,A,HOH,511,,A:HOH:511,solvent_or_buffer,1,1,30.143314167489947,0,1,False,excluded as solvent_or_buffer
4OGW,A,HOH,509,,A:HOH:509,solvent_or_buffer,1,1,30.716021975509786,0,2,False,excluded as solvent_or_buffer
4OGW,A,HOH,510,,A:HOH:510,solvent_or_buffer,1,1,31.56992990172769,0,1,False,excluded as solvent_or_buffer
3F6Y,A,HOH,305,,A:HOH:305,solvent_or_buffer,1,1,2.4011615938957567,1,2,False,excluded as solvent_or_buffer
3F6Y,A,HOH,340,,A:HOH:340,solvent_or_buffer,1,1,2.5074423223675533,3,5,False,excluded as solvent_or_buffer
3F6Y,A,HOH,444,,A:HOH:444,solvent_or_buffer,1,1,2.5618165430022506,3,5,False,excluded as solvent_or_buffer
3F6Y,A,HOH,414,,A:HOH:414,solvent_or_buffer,1,1,2.60090099773136,1,4,False,excluded as solvent_or_buffer
3F6Y,A,HOH,26,,A:HOH:26,solvent_or_buffer,1,1,2.704243517141167,1,4,False,excluded as solvent_or_buffer
3F6Y,A,HOH,420,,A:HOH:420,solvent_or_buffer,1,1,2.7331580634862642,1,3,False,excluded as solvent_or_buffer
3F6Y,A,HOH,334,,A:HOH:334,solvent_or_buffer,1,1,2.816873444086552,1,3,False,excluded as solvent_or_buffer
3F6Y,A,HOH,376,,A:HOH:376,solvent_or_buffer,1,1,2.9459114039631284,2,3,False,excluded as solvent_or_buffer
3F6Y,A,HOH,22,,A:HOH:22,solvent_or_buffer,1,1,2.951801653228078,1,6,False,excluded as solvent_or_buffer
3F6Y,A,HOH,16,,A:HOH:16,solvent_or_buffer,1,1,3.1174083787659255,1,5,False,excluded as solvent_or_buffer
3F6Y,A,HOH,357,,A:HOH:357,solvent_or_buffer,1,1,3.1259822456309654,2,3,False,excluded as solvent_or_buffer
3F6Y,A,HOH,382,,A:HOH:382,solvent_or_buffer,1,1,3.146814897638563,1,4,False,excluded as solvent_or_buffer
3F6Y,A,HOH,327,,A:HOH:327,solvent_or_buffer,1,1,3.1949344281221155,1,5,False,excluded as solvent_or_buffer
3F6Y,A,HOH,352,,A:HOH:352,solvent_or_buffer,1,1,3.236237012333923,3,6,False,excluded as solvent_or_buffer
3F6Y,A,HOH,437,,A:HOH:437,solvent_or_buffer,1,1,3.2651030611605507,1,6,False,excluded as solvent_or_buffer
3F6Y,A,CA,3,,A:CA:3,ion_or_single_atom,1,1,3.271925427023056,1,5,False,excluded as ion_or_single_atom
3F6Y,A,HOH,396,,A:HOH:396,solvent_or_buffer,1,1,3.3123431283609497,1,3,False,excluded as solvent_or_buffer
3F6Y,A,HOH,14,,A:HOH:14,solvent_or_buffer,1,1,3.3563244777583696,2,7,False,excluded as solvent_or_buffer
3F6Y,A,HOH,329,,A:HOH:329,solvent_or_buffer,1,1,3.373254511595589,2,5,False,excluded as solvent_or_buffer
3F6Y,A,HOH,508,,A:HOH:508,solvent_or_buffer,1,1,3.4341674391328088,1,3,False,excluded as solvent_or_buffer
3F6Y,A,HOH,17,,A:HOH:17,solvent_or_buffer,1,1,3.6669693208424823,1,5,False,excluded as solvent_or_buffer
3F6Y,A,HOH,20,,A:HOH:20,solvent_or_buffer,1,1,3.677071796960184,2,6,False,excluded as solvent_or_buffer
3F6Y,A,HOH,315,,A:HOH:315,solvent_or_buffer,1,1,3.753926078121412,1,3,False,excluded as solvent_or_buffer
3F6Y,A,HOH,489,,A:HOH:489,solvent_or_buffer,1,1,3.7612790377742527,1,3,False,excluded as solvent_or_buffer
3F6Y,A,HOH,500,,A:HOH:500,solvent_or_buffer,1,1,3.7755283074028188,1,4,False,excluded as solvent_or_buffer
3F6Y,A,HOH,391,,A:HOH:391,solvent_or_buffer,1,1,3.8080304620630367,2,4,False,excluded as solvent_or_buffer
3F6Y,A,HOH,344,,A:HOH:344,solvent_or_buffer,1,1,3.862754716520316,1,2,False,excluded as solvent_or_buffer
3F6Y,A,HOH,31,,A:HOH:31,solvent_or_buffer,1,1,3.9625407253427687,1,8,False,excluded as solvent_or_buffer
3F6Y,A,HOH,484,,A:HOH:484,solvent_or_buffer,1,1,3.9708282511335105,1,4,False,excluded as solvent_or_buffer
3F6Y,A,HOH,379,,A:HOH:379,solvent_or_buffer,1,1,4.065074292064048,1,3,False,excluded as solvent_or_buffer
3F6Y,A,HOH,455,,A:HOH:455,solvent_or_buffer,1,1,4.242819934901786,1,4,False,excluded as solvent_or_buffer
3F6Y,A,HOH,447,,A:HOH:447,solvent_or_buffer,1,1,4.435022660595999,1,4,False,excluded as solvent_or_buffer
3F6Y,A,CA,2,,A:CA:2,ion_or_single_atom,1,1,4.445391996213604,1,3,False,excluded as ion_or_single_atom
3F6Y,A,HOH,9,,A:HOH:9,solvent_or_buffer,1,1,4.512807219458859,0,6,False,excluded as solvent_or_buffer
3F6Y,A,HOH,476,,A:HOH:476,solvent_or_buffer,1,1,4.5649116092209265,0,2,False,excluded as solvent_or_buffer
3F6Y,A,HOH,322,,A:HOH:322,solvent_or_buffer,1,1,4.643248862596105,0,4,False,excluded as solvent_or_buffer
3F6Y,A,HOH,25,,A:HOH:25,solvent_or_buffer,1,1,4.773516418742058,0,2,False,excluded as solvent_or_buffer
3F6Y,A,HOH,532,,A:HOH:532,solvent_or_buffer,1,1,4.87164746261467,0,3,False,excluded as solvent_or_buffer
3F6Y,A,HOH,323,,A:HOH:323,solvent_or_buffer,1,1,4.91776300770991,0,4,False,excluded as solvent_or_buffer
3F6Y,A,HOH,302,,A:HOH:302,solvent_or_buffer,1,1,4.974718283480987,0,3,False,excluded as solvent_or_buffer
3F6Y,A,HOH,11,,A:HOH:11,solvent_or_buffer,1,1,5.475318894822477,0,1,False,excluded as solvent_or_buffer
3F6Y,A,HOH,545,,A:HOH:545,solvent_or_buffer,1,1,5.678649223186791,0,2,False,excluded as solvent_or_buffer
3F6Y,A,HOH,493,,A:HOH:493,solvent_or_buffer,1,1,5.853628789050432,0,1,False,excluded as solvent_or_buffer
3F6Y,A,HOH,372,,A:HOH:372,solvent_or_buffer,1,1,6.046044988254718,0,5,False,excluded as solvent_or_buffer
3F6Y,A,HOH,494,,A:HOH:494,solvent_or_buffer,1,1,6.100994509094398,0,2,False,excluded as solvent_or_buffer
3F6Y,A,HOH,353,,A:HOH:353,solvent_or_buffer,1,1,6.203571068344427,0,5,False,excluded as solvent_or_buffer
3F6Y,A,HOH,318,,A:HOH:318,solvent_or_buffer,1,1,6.392811822664576,0,4,False,excluded as solvent_or_buffer
3F6Y,A,HOH,403,,A:HOH:403,solvent_or_buffer,1,1,6.406691033599172,0,6,False,excluded as solvent_or_buffer
3F6Y,A,HOH,515,,A:HOH:515,solvent_or_buffer,1,1,6.52984616970415,0,3,False,excluded as solvent_or_buffer
3F6Y,A,HOH,471,,A:HOH:471,solvent_or_buffer,1,1,6.662747856552875,0,3,False,excluded as solvent_or_buffer
3F6Y,A,HOH,346,,A:HOH:346,solvent_or_buffer,1,1,6.706516979774231,0,4,False,excluded as solvent_or_buffer
3F6Y,A,HOH,324,,A:HOH:324,solvent_or_buffer,1,1,6.755983052080577,0,4,False,excluded as solvent_or_buffer
3F6Y,A,HOH,385,,A:HOH:385,solvent_or_buffer,1,1,6.857106678475989,0,2,False,excluded as solvent_or_buffer
3F6Y,A,HOH,466,,A:HOH:466,solvent_or_buffer,1,1,6.868322721014206,0,3,False,excluded as solvent_or_buffer
3F6Y,A,HOH,421,,A:HOH:421,solvent_or_buffer,1,1,6.876234216487974,0,3,False,excluded as solvent_or_buffer
3F6Y,A,HOH,373,,A:HOH:373,solvent_or_buffer,1,1,6.995569240597939,0,3,False,excluded as solvent_or_buffer
3F6Y,A,HOH,457,,A:HOH:457,solvent_or_buffer,1,1,7.003545245088374,0,7,False,excluded as solvent_or_buffer
3F6Y,A,HOH,388,,A:HOH:388,solvent_or_buffer,1,1,7.111379612986503,0,3,False,excluded as solvent_or_buffer
3F6Y,A,HOH,23,,A:HOH:23,solvent_or_buffer,1,1,7.119949718923581,0,9,False,excluded as solvent_or_buffer
3F6Y,A,HOH,511,,A:HOH:511,solvent_or_buffer,1,1,7.184534362086382,0,1,False,excluded as solvent_or_buffer
3F6Y,A,HOH,434,,A:HOH:434,solvent_or_buffer,1,1,7.30217686720885,0,2,False,excluded as solvent_or_buffer
3F6Y,A,HOH,333,,A:HOH:333,solvent_or_buffer,1,1,7.317819483971989,0,3,False,excluded as solvent_or_buffer
3F6Y,A,HOH,514,,A:HOH:514,solvent_or_buffer,1,1,7.355204823796546,0,3,False,excluded as solvent_or_buffer
3F6Y,A,HOH,319,,A:HOH:319,solvent_or_buffer,1,1,7.3939258178588725,0,6,False,excluded as solvent_or_buffer
3F6Y,A,HOH,503,,A:HOH:503,solvent_or_buffer,1,1,7.510740442859146,0,2,False,excluded as solvent_or_buffer
3F6Y,A,HOH,359,,A:HOH:359,solvent_or_buffer,1,1,7.67060558235137,0,3,False,excluded as solvent_or_buffer
3F6Y,A,HOH,392,,A:HOH:392,solvent_or_buffer,1,1,7.743640358384419,0,6,False,excluded as solvent_or_buffer
3F6Y,A,HOH,407,,A:HOH:407,solvent_or_buffer,1,1,7.804215143113367,0,3,False,excluded as solvent_or_buffer
3F6Y,A,HOH,303,,A:HOH:303,solvent_or_buffer,1,1,7.901787962227285,0,3,False,excluded as solvent_or_buffer
3F6Y,A,HOH,482,,A:HOH:482,solvent_or_buffer,1,1,7.981242760372596,0,2,False,excluded as solvent_or_buffer
3F6Y,A,HOH,363,,A:HOH:363,solvent_or_buffer,1,1,8.002909283504344,0,6,False,excluded as solvent_or_buffer
3F6Y,A,HOH,36,,A:HOH:36,solvent_or_buffer,1,1,8.056139832450775,0,2,False,excluded as solvent_or_buffer
3F6Y,A,HOH,336,,A:HOH:336,solvent_or_buffer,1,1,8.066589675941128,0,6,False,excluded as solvent_or_buffer
3F6Y,A,HOH,459,,A:HOH:459,solvent_or_buffer,1,1,8.094510114886507,0,3,False,excluded as solvent_or_buffer
3F6Y,A,HOH,451,,A:HOH:451,solvent_or_buffer,1,1,8.140416389841493,0,4,False,excluded as solvent_or_buffer
3F6Y,A,HOH,478,,A:HOH:478,solvent_or_buffer,1,1,8.163832494606929,0,2,False,excluded as solvent_or_buffer
3F6Y,A,HOH,432,,A:HOH:432,solvent_or_buffer,1,1,8.187721600054559,0,6,False,excluded as solvent_or_buffer
3F6Y,A,HOH,479,,A:HOH:479,solvent_or_buffer,1,1,8.213655337302631,0,3,False,excluded as solvent_or_buffer
3F6Y,A,HOH,448,,A:HOH:448,solvent_or_buffer,1,1,8.335492666903379,0,3,False,excluded as solvent_or_buffer
3F6Y,A,HOH,13,,A:HOH:13,solvent_or_buffer,1,1,8.406884619167792,0,6,False,excluded as solvent_or_buffer
3F6Y,A,HOH,378,,A:HOH:378,solvent_or_buffer,1,1,8.46730984433663,0,4,False,excluded as solvent_or_buffer
3F6Y,A,HOH,405,,A:HOH:405,solvent_or_buffer,1,1,8.517940713576257,0,4,False,excluded as solvent_or_buffer
3F6Y,A,HOH,461,,A:HOH:461,solvent_or_buffer,1,1,8.574565353415878,0,2,False,excluded as solvent_or_buffer
3F6Y,A,HOH,502,,A:HOH:502,solvent_or_buffer,1,1,8.592752876697896,0,3,False,excluded as solvent_or_buffer
3F6Y,A,HOH,490,,A:HOH:490,solvent_or_buffer,1,1,8.803837174777826,0,4,False,excluded as solvent_or_buffer
3F6Y,A,HOH,445,,A:HOH:445,solvent_or_buffer,1,1,8.896458003048178,0,3,False,excluded as solvent_or_buffer
3F6Y,A,HOH,397,,A:HOH:397,solvent_or_buffer,1,1,9.02120463131172,0,4,False,excluded as solvent_or_buffer
3F6Y,A,HOH,431,,A:HOH:431,solvent_or_buffer,1,1,9.035168177737479,0,3,False,excluded as solvent_or_buffer
3F6Y,A,HOH,410,,A:HOH:410,solvent_or_buffer,1,1,9.060828935588619,0,4,False,excluded as solvent_or_buffer
3F6Y,A,HOH,460,,A:HOH:460,solvent_or_buffer,1,1,9.143848205214258,0,3,False,excluded as solvent_or_buffer
3F6Y,A,HOH,371,,A:HOH:371,solvent_or_buffer,1,1,9.172842798173308,0,4,False,excluded as solvent_or_buffer
3F6Y,A,HOH,475,,A:HOH:475,solvent_or_buffer,1,1,9.1735906274479,0,1,False,excluded as solvent_or_buffer
3F6Y,A,HOH,354,,A:HOH:354,solvent_or_buffer,1,1,9.175149099605958,0,3,False,excluded as solvent_or_buffer
3F6Y,A,HOH,310,,A:HOH:310,solvent_or_buffer,1,1,9.239697505871069,0,5,False,excluded as solvent_or_buffer
3F6Y,A,HOH,321,,A:HOH:321,solvent_or_buffer,1,1,9.291381167512183,0,7,False,excluded as solvent_or_buffer
3F6Y,A,HOH,361,,A:HOH:361,solvent_or_buffer,1,1,9.478187643215348,0,3,False,excluded as solvent_or_buffer
3F6Y,A,HOH,422,,A:HOH:422,solvent_or_buffer,1,1,9.503295586269008,0,4,False,excluded as solvent_or_buffer
3F6Y,A,HOH,366,,A:HOH:366,solvent_or_buffer,1,1,9.511178107889686,0,5,False,excluded as solvent_or_buffer
3F6Y,A,HOH,504,,A:HOH:504,solvent_or_buffer,1,1,9.57196437519488,0,1,False,excluded as solvent_or_buffer
3F6Y,A,HOH,533,,A:HOH:533,solvent_or_buffer,1,1,9.60793812428036,0,0,False,excluded as solvent_or_buffer
3F6Y,A,HOH,426,,A:HOH:426,solvent_or_buffer,1,1,9.691891353084806,0,3,False,excluded as solvent_or_buffer
3F6Y,A,HOH,542,,A:HOH:542,solvent_or_buffer,1,1,9.846200993276543,0,4,False,excluded as solvent_or_buffer
3F6Y,A,HOH,338,,A:HOH:338,solvent_or_buffer,1,1,9.876160488772951,0,3,False,excluded as solvent_or_buffer
3F6Y,A,HOH,473,,A:HOH:473,solvent_or_buffer,1,1,9.926423424375974,0,2,False,excluded as solvent_or_buffer
3F6Y,A,HOH,380,,A:HOH:380,solvent_or_buffer,1,1,9.995397640914547,0,3,False,excluded as solvent_or_buffer
3F6Y,A,HOH,348,,A:HOH:348,solvent_or_buffer,1,1,9.998737620319877,0,3,False,excluded as solvent_or_buffer
3F6Y,A,HOH,428,,A:HOH:428,solvent_or_buffer,1,1,10.202837889528581,0,3,False,excluded as solvent_or_buffer
3F6Y,A,HOH,362,,A:HOH:362,solvent_or_buffer,1,1,10.232938092258744,0,3,False,excluded as solvent_or_buffer
3F6Y,A,HOH,320,,A:HOH:320,solvent_or_buffer,1,1,10.268639345112872,0,2,False,excluded as solvent_or_buffer
3F6Y,A,HOH,418,,A:HOH:418,solvent_or_buffer,1,1,10.405749564543635,0,1,False,excluded as solvent_or_buffer
3F6Y,A,HOH,21,,A:HOH:21,solvent_or_buffer,1,1,10.427501426516326,0,7,False,excluded as solvent_or_buffer
3F6Y,A,HOH,32,,A:HOH:32,solvent_or_buffer,1,1,10.601216015155993,0,7,False,excluded as solvent_or_buffer
3F6Y,A,HOH,547,,A:HOH:547,solvent_or_buffer,1,1,10.60331584929922,0,2,False,excluded as solvent_or_buffer
3F6Y,A,HOH,368,,A:HOH:368,solvent_or_buffer,1,1,10.869967525250479,0,2,False,excluded as solvent_or_buffer
3F6Y,A,HOH,24,,A:HOH:24,solvent_or_buffer,1,1,10.890524597098157,0,2,False,excluded as solvent_or_buffer
3F6Y,A,HOH,462,,A:HOH:462,solvent_or_buffer,1,1,11.049652030720246,0,3,False,excluded as solvent_or_buffer
3F6Y,A,HOH,328,,A:HOH:328,solvent_or_buffer,1,1,11.058625050158815,0,5,False,excluded as solvent_or_buffer
3F6Y,A,HOH,311,,A:HOH:311,solvent_or_buffer,1,1,11.059135047552314,0,2,False,excluded as solvent_or_buffer
3F6Y,A,HOH,470,,A:HOH:470,solvent_or_buffer,1,1,11.068130375090455,0,3,False,excluded as solvent_or_buffer
3F6Y,A,HOH,429,,A:HOH:429,solvent_or_buffer,1,1,11.09258824621197,0,3,False,excluded as solvent_or_buffer
3F6Y,A,HOH,469,,A:HOH:469,solvent_or_buffer,1,1,11.122658180489049,0,3,False,excluded as solvent_or_buffer
3F6Y,A,HOH,520,,A:HOH:520,solvent_or_buffer,1,1,11.26321925561249,0,2,False,excluded as solvent_or_buffer
3F6Y,A,HOH,525,,A:HOH:525,solvent_or_buffer,1,1,11.290466686545779,0,3,False,excluded as solvent_or_buffer
3F6Y,A,HOH,498,,A:HOH:498,solvent_or_buffer,1,1,11.326732141266515,0,3,False,excluded as solvent_or_buffer
3F6Y,A,HOH,453,,A:HOH:453,solvent_or_buffer,1,1,11.361195843748138,0,2,False,excluded as solvent_or_buffer
3F6Y,A,HOH,15,,A:HOH:15,solvent_or_buffer,1,1,11.46241270413869,0,7,False,excluded as solvent_or_buffer
3F6Y,A,HOH,412,,A:HOH:412,solvent_or_buffer,1,1,11.553691444728823,0,2,False,excluded as solvent_or_buffer
3F6Y,A,HOH,404,,A:HOH:404,solvent_or_buffer,1,1,11.581708120998384,0,3,False,excluded as solvent_or_buffer
3F6Y,A,HOH,377,,A:HOH:377,solvent_or_buffer,1,1,11.666406344714723,0,2,False,excluded as solvent_or_buffer
3F6Y,A,HOH,458,,A:HOH:458,solvent_or_buffer,1,1,11.793455218891536,0,3,False,excluded as solvent_or_buffer
3F6Y,A,HOH,513,,A:HOH:513,solvent_or_buffer,1,1,11.962486071047271,0,1,False,excluded as solvent_or_buffer
3F6Y,A,HOH,464,,A:HOH:464,solvent_or_buffer,1,1,12.125934025880227,0,4,False,excluded as solvent_or_buffer
3F6Y,A,HOH,406,,A:HOH:406,solvent_or_buffer,1,1,12.154054878928266,0,2,False,excluded as solvent_or_buffer
3F6Y,A,HOH,367,,A:HOH:367,solvent_or_buffer,1,1,12.367457014277432,0,3,False,excluded as solvent_or_buffer
3F6Y,A,HOH,517,,A:HOH:517,solvent_or_buffer,1,1,12.591703419315433,0,3,False,excluded as solvent_or_buffer
3F6Y,A,HOH,468,,A:HOH:468,solvent_or_buffer,1,1,12.693620878220687,0,2,False,excluded as solvent_or_buffer
3F6Y,A,HOH,417,,A:HOH:417,solvent_or_buffer,1,1,12.734385772388078,0,3,False,excluded as solvent_or_buffer
3F6Y,A,HOH,5,,A:HOH:5,solvent_or_buffer,1,1,12.737259242081869,0,3,False,excluded as solvent_or_buffer
3F6Y,A,HOH,435,,A:HOH:435,solvent_or_buffer,1,1,12.796422156212259,0,2,False,excluded as solvent_or_buffer
3F6Y,A,HOH,495,,A:HOH:495,solvent_or_buffer,1,1,12.860426159346357,0,5,False,excluded as solvent_or_buffer
3F6Y,A,HOH,10,,A:HOH:10,solvent_or_buffer,1,1,12.897551705653289,0,1,False,excluded as solvent_or_buffer
3F6Y,A,HOH,401,,A:HOH:401,solvent_or_buffer,1,1,12.945664602483719,0,1,False,excluded as solvent_or_buffer
3F6Y,A,HOH,419,,A:HOH:419,solvent_or_buffer,1,1,13.056666458173773,0,3,False,excluded as solvent_or_buffer
3F6Y,A,HOH,548,,A:HOH:548,solvent_or_buffer,1,1,13.127873361668293,0,2,False,excluded as solvent_or_buffer
3F6Y,A,HOH,512,,A:HOH:512,solvent_or_buffer,1,1,13.248729561735342,0,3,False,excluded as solvent_or_buffer
3F6Y,A,HOH,474,,A:HOH:474,solvent_or_buffer,1,1,13.319505133449967,0,3,False,excluded as solvent_or_buffer
3F6Y,A,CA,1,,A:CA:1,ion_or_single_atom,1,1,13.426016684035515,0,3,False,excluded as ion_or_single_atom
3F6Y,A,HOH,487,,A:HOH:487,solvent_or_buffer,1,1,13.55965320352995,0,4,False,excluded as solvent_or_buffer
3F6Y,A,HOH,306,,A:HOH:306,solvent_or_buffer,1,1,13.571694146273707,0,1,False,excluded as solvent_or_buffer
3F6Y,A,HOH,536,,A:HOH:536,solvent_or_buffer,1,1,13.599508116104788,0,1,False,excluded as solvent_or_buffer
3F6Y,A,HOH,6,,A:HOH:6,solvent_or_buffer,1,1,13.622547081952039,0,8,False,excluded as solvent_or_buffer
3F6Y,A,HOH,400,,A:HOH:400,solvent_or_buffer,1,1,13.893266642514279,0,1,False,excluded as solvent_or_buffer
3F6Y,A,HOH,34,,A:HOH:34,solvent_or_buffer,1,1,13.930032196660566,0,4,False,excluded as solvent_or_buffer
3F6Y,A,HOH,35,,A:HOH:35,solvent_or_buffer,1,1,13.96407855893113,0,3,False,excluded as solvent_or_buffer
3F6Y,A,HOH,543,,A:HOH:543,solvent_or_buffer,1,1,13.970388290953116,0,1,False,excluded as solvent_or_buffer
3F6Y,A,HOH,440,,A:HOH:440,solvent_or_buffer,1,1,13.999903463952888,0,6,False,excluded as solvent_or_buffer
3F6Y,A,HOH,356,,A:HOH:356,solvent_or_buffer,1,1,14.100095460669761,0,5,False,excluded as solvent_or_buffer
3F6Y,A,HOH,347,,A:HOH:347,solvent_or_buffer,1,1,14.217465667269959,0,3,False,excluded as solvent_or_buffer
3F6Y,A,HOH,331,,A:HOH:331,solvent_or_buffer,1,1,14.28896290848289,0,4,False,excluded as solvent_or_buffer
3F6Y,A,HOH,350,,A:HOH:350,solvent_or_buffer,1,1,14.290089187965203,0,3,False,excluded as solvent_or_buffer
3F6Y,A,HOH,312,,A:HOH:312,solvent_or_buffer,1,1,14.47460109985764,0,6,False,excluded as solvent_or_buffer
3F6Y,A,HOH,335,,A:HOH:335,solvent_or_buffer,1,1,14.51530988301662,0,3,False,excluded as solvent_or_buffer
3F6Y,A,HOH,443,,A:HOH:443,solvent_or_buffer,1,1,14.579567689064033,0,4,False,excluded as solvent_or_buffer
3F6Y,A,HOH,37,,A:HOH:37,solvent_or_buffer,1,1,14.591993318255053,0,7,False,excluded as solvent_or_buffer
3F6Y,A,HOH,369,,A:HOH:369,solvent_or_buffer,1,1,14.623622943716786,0,4,False,excluded as solvent_or_buffer
3F6Y,A,HOH,18,,A:HOH:18,solvent_or_buffer,1,1,14.626930334147353,0,4,False,excluded as solvent_or_buffer
3F6Y,A,HOH,304,,A:HOH:304,solvent_or_buffer,1,1,14.627975526367278,0,2,False,excluded as solvent_or_buffer
3F6Y,A,HOH,355,,A:HOH:355,solvent_or_buffer,1,1,14.65745660065211,0,3,False,excluded as solvent_or_buffer
3F6Y,A,HOH,465,,A:HOH:465,solvent_or_buffer,1,1,14.718066652926941,0,5,False,excluded as solvent_or_buffer
3F6Y,A,HOH,424,,A:HOH:424,solvent_or_buffer,1,1,14.736215626815454,0,5,False,excluded as solvent_or_buffer
3F6Y,A,HOH,430,,A:HOH:430,solvent_or_buffer,1,1,14.742985518544065,0,4,False,excluded as solvent_or_buffer
3F6Y,A,HOH,535,,A:HOH:535,solvent_or_buffer,1,1,14.761836132405751,0,2,False,excluded as solvent_or_buffer
3F6Y,A,HOH,519,,A:HOH:519,solvent_or_buffer,1,1,14.821510415608797,0,3,False,excluded as solvent_or_buffer
3F6Y,A,HOH,409,,A:HOH:409,solvent_or_buffer,1,1,14.834160205417769,0,6,False,excluded as solvent_or_buffer
3F6Y,A,HOH,472,,A:HOH:472,solvent_or_buffer,1,1,14.9479440057822,0,3,False,excluded as solvent_or_buffer
3F6Y,A,HOH,549,,A:HOH:549,solvent_or_buffer,1,1,15.016335405151281,0,1,False,excluded as solvent_or_buffer
3F6Y,A,HOH,386,,A:HOH:386,solvent_or_buffer,1,1,15.086333981454867,0,3,False,excluded as solvent_or_buffer
3F6Y,A,HOH,383,,A:HOH:383,solvent_or_buffer,1,1,15.117294003888395,0,3,False,excluded as solvent_or_buffer
3F6Y,A,HOH,326,,A:HOH:326,solvent_or_buffer,1,1,15.148259867060638,0,2,False,excluded as solvent_or_buffer
3F6Y,A,HOH,8,,A:HOH:8,solvent_or_buffer,1,1,15.206051558507884,0,0,False,excluded as solvent_or_buffer
3F6Y,A,HOH,416,,A:HOH:416,solvent_or_buffer,1,1,15.276173964707258,0,1,False,excluded as solvent_or_buffer
3F6Y,A,HOH,399,,A:HOH:399,solvent_or_buffer,1,1,15.299634864924064,0,6,False,excluded as solvent_or_buffer
3F6Y,A,HOH,308,,A:HOH:308,solvent_or_buffer,1,1,15.362950953511502,0,4,False,excluded as solvent_or_buffer
3F6Y,A,HOH,394,,A:HOH:394,solvent_or_buffer,1,1,15.365077090597367,0,3,False,excluded as solvent_or_buffer
3F6Y,A,HOH,351,,A:HOH:351,solvent_or_buffer,1,1,15.413281318395509,0,3,False,excluded as solvent_or_buffer
3F6Y,A,HOH,510,,A:HOH:510,solvent_or_buffer,1,1,15.489533918100957,0,2,False,excluded as solvent_or_buffer
3F6Y,A,HOH,483,,A:HOH:483,solvent_or_buffer,1,1,15.519425665919469,0,3,False,excluded as solvent_or_buffer
3F6Y,A,HOH,387,,A:HOH:387,solvent_or_buffer,1,1,15.607286855824752,0,3,False,excluded as solvent_or_buffer
3F6Y,A,HOH,358,,A:HOH:358,solvent_or_buffer,1,1,15.662475825998902,0,2,False,excluded as solvent_or_buffer
3F6Y,A,HOH,349,,A:HOH:349,solvent_or_buffer,1,1,15.722182577492225,0,5,False,excluded as solvent_or_buffer
3F6Y,A,HOH,439,,A:HOH:439,solvent_or_buffer,1,1,15.738392484621802,0,2,False,excluded as solvent_or_buffer
3F6Y,A,HOH,524,,A:HOH:524,solvent_or_buffer,1,1,15.97036759126101,0,2,False,excluded as solvent_or_buffer
3F6Y,A,HOH,411,,A:HOH:411,solvent_or_buffer,1,1,16.024716565356155,0,3,False,excluded as solvent_or_buffer
3F6Y,A,HOH,317,,A:HOH:317,solvent_or_buffer,1,1,16.131598711845022,0,1,False,excluded as solvent_or_buffer
3F6Y,A,HOH,441,,A:HOH:441,solvent_or_buffer,1,1,16.179176524162163,0,2,False,excluded as solvent_or_buffer
3F6Y,A,HOH,370,,A:HOH:370,solvent_or_buffer,1,1,16.204706384257634,0,2,False,excluded as solvent_or_buffer
3F6Y,A,HOH,518,,A:HOH:518,solvent_or_buffer,1,1,16.20932722231246,0,2,False,excluded as solvent_or_buffer
3F6Y,A,HOH,395,,A:HOH:395,solvent_or_buffer,1,1,16.27770174195362,0,2,False,excluded as solvent_or_buffer
3F6Y,A,HOH,339,,A:HOH:339,solvent_or_buffer,1,1,16.287763443763545,0,3,False,excluded as solvent_or_buffer
3F6Y,A,HOH,467,,A:HOH:467,solvent_or_buffer,1,1,16.392451006484663,0,2,False,excluded as solvent_or_buffer
3F6Y,A,HOH,497,,A:HOH:497,solvent_or_buffer,1,1,16.476638279697713,0,3,False,excluded as solvent_or_buffer
3F6Y,A,HOH,33,,A:HOH:33,solvent_or_buffer,1,1,16.483163379642882,0,3,False,excluded as solvent_or_buffer
3F6Y,A,HOH,402,,A:HOH:402,solvent_or_buffer,1,1,16.556342953683945,0,3,False,excluded as solvent_or_buffer
3F6Y,A,HOH,393,,A:HOH:393,solvent_or_buffer,1,1,16.560104740006928,0,2,False,excluded as solvent_or_buffer
3F6Y,A,HOH,530,,A:HOH:530,solvent_or_buffer,1,1,16.58703330918462,0,3,False,excluded as solvent_or_buffer
3F6Y,A,HOH,365,,A:HOH:365,solvent_or_buffer,1,1,16.59629292944662,0,3,False,excluded as solvent_or_buffer
3F6Y,A,HOH,330,,A:HOH:330,solvent_or_buffer,1,1,16.616251261942327,0,3,False,excluded as solvent_or_buffer
3F6Y,A,HOH,314,,A:HOH:314,solvent_or_buffer,1,1,16.70137066231392,0,2,False,excluded as solvent_or_buffer
3F6Y,A,HOH,360,,A:HOH:360,solvent_or_buffer,1,1,16.81475598990363,0,2,False,excluded as solvent_or_buffer
3F6Y,A,HOH,528,,A:HOH:528,solvent_or_buffer,1,1,16.838785615358372,0,4,False,excluded as solvent_or_buffer
3F6Y,A,HOH,413,,A:HOH:413,solvent_or_buffer,1,1,16.982257712094704,0,4,False,excluded as solvent_or_buffer
3F6Y,A,HOH,337,,A:HOH:337,solvent_or_buffer,1,1,16.987815309803672,0,3,False,excluded as solvent_or_buffer
3F6Y,A,HOH,446,,A:HOH:446,solvent_or_buffer,1,1,17.015468139313715,0,5,False,excluded as solvent_or_buffer
3F6Y,A,HOH,488,,A:HOH:488,solvent_or_buffer,1,1,17.10332178262457,0,2,False,excluded as solvent_or_buffer
3F6Y,A,HOH,438,,A:HOH:438,solvent_or_buffer,1,1,17.121664083844188,0,2,False,excluded as solvent_or_buffer
3F6Y,A,HOH,499,,A:HOH:499,solvent_or_buffer,1,1,17.18916545385494,0,2,False,excluded as solvent_or_buffer
3F6Y,A,HOH,19,,A:HOH:19,solvent_or_buffer,1,1,17.18934463555839,0,2,False,excluded as solvent_or_buffer
3F6Y,A,HOH,492,,A:HOH:492,solvent_or_buffer,1,1,17.34594998839787,0,4,False,excluded as solvent_or_buffer
3F6Y,A,HOH,526,,A:HOH:526,solvent_or_buffer,1,1,17.362674477165086,0,2,False,excluded as solvent_or_buffer
3F6Y,A,HOH,501,,A:HOH:501,solvent_or_buffer,1,1,17.373381392233348,0,2,False,excluded as solvent_or_buffer
3F6Y,A,HOH,454,,A:HOH:454,solvent_or_buffer,1,1,17.376449119425985,0,2,False,excluded as solvent_or_buffer
3F6Y,A,HOH,522,,A:HOH:522,solvent_or_buffer,1,1,17.49269138811978,0,1,False,excluded as solvent_or_buffer
3F6Y,A,HOH,456,,A:HOH:456,solvent_or_buffer,1,1,17.612452129104568,0,1,False,excluded as solvent_or_buffer
3F6Y,A,HOH,325,,A:HOH:325,solvent_or_buffer,1,1,17.62542586719538,0,5,False,excluded as solvent_or_buffer
3F6Y,A,HOH,433,,A:HOH:433,solvent_or_buffer,1,1,17.649923087651125,0,4,False,excluded as solvent_or_buffer
3F6Y,A,HOH,452,,A:HOH:452,solvent_or_buffer,1,1,17.652291890856556,0,2,False,excluded as solvent_or_buffer
3F6Y,A,HOH,521,,A:HOH:521,solvent_or_buffer,1,1,17.660113504731502,0,2,False,excluded as solvent_or_buffer
3F6Y,A,HOH,7,,A:HOH:7,solvent_or_buffer,1,1,17.660757175160978,0,2,False,excluded as solvent_or_buffer
3F6Y,A,HOH,374,,A:HOH:374,solvent_or_buffer,1,1,17.69032461545011,0,3,False,excluded as solvent_or_buffer
3F6Y,A,HOH,345,,A:HOH:345,solvent_or_buffer,1,1,17.693489452338113,0,2,False,excluded as solvent_or_buffer
3F6Y,A,HOH,450,,A:HOH:450,solvent_or_buffer,1,1,17.80520027969357,0,1,False,excluded as solvent_or_buffer
3F6Y,A,HOH,343,,A:HOH:343,solvent_or_buffer,1,1,17.8293271045208,0,5,False,excluded as solvent_or_buffer
3F6Y,A,HOH,38,,A:HOH:38,solvent_or_buffer,1,1,17.836844479896104,0,4,False,excluded as solvent_or_buffer
3F6Y,A,HOH,544,,A:HOH:544,solvent_or_buffer,1,1,17.8373603988931,0,2,False,excluded as solvent_or_buffer
3F6Y,A,HOH,506,,A:HOH:506,solvent_or_buffer,1,1,17.897808217767896,0,3,False,excluded as solvent_or_buffer
3F6Y,A,HOH,316,,A:HOH:316,solvent_or_buffer,1,1,18.000889478023023,0,1,False,excluded as solvent_or_buffer
3F6Y,A,HOH,309,,A:HOH:309,solvent_or_buffer,1,1,18.021981494830136,0,3,False,excluded as solvent_or_buffer
3F6Y,A,HOH,364,,A:HOH:364,solvent_or_buffer,1,1,18.05452065273404,0,3,False,excluded as solvent_or_buffer
3F6Y,A,HOH,425,,A:HOH:425,solvent_or_buffer,1,1,18.085188718948995,0,2,False,excluded as solvent_or_buffer
3F6Y,A,HOH,29,,A:HOH:29,solvent_or_buffer,1,1,18.089217396006934,0,7,False,excluded as solvent_or_buffer
3F6Y,A,HOH,301,,A:HOH:301,solvent_or_buffer,1,1,18.179193381445724,0,4,False,excluded as solvent_or_buffer
3F6Y,A,HOH,30,,A:HOH:30,solvent_or_buffer,1,1,18.181515035881908,0,2,False,excluded as solvent_or_buffer
3F6Y,A,HOH,537,,A:HOH:537,solvent_or_buffer,1,1,18.2275041900969,0,3,False,excluded as solvent_or_buffer
3F6Y,A,HOH,389,,A:HOH:389,solvent_or_buffer,1,1,18.27090323437788,0,1,False,excluded as solvent_or_buffer
3F6Y,A,HOH,307,,A:HOH:307,solvent_or_buffer,1,1,18.330913043272012,0,2,False,excluded as solvent_or_buffer
3F6Y,A,HOH,313,,A:HOH:313,solvent_or_buffer,1,1,18.476751391951996,0,2,False,excluded as solvent_or_buffer
3F6Y,A,HOH,481,,A:HOH:481,solvent_or_buffer,1,1,18.479605839952324,0,2,False,excluded as solvent_or_buffer
3F6Y,A,HOH,491,,A:HOH:491,solvent_or_buffer,1,1,18.48784192381577,0,2,False,excluded as solvent_or_buffer
3F6Y,A,HOH,384,,A:HOH:384,solvent_or_buffer,1,1,18.54947627293019,0,2,False,excluded as solvent_or_buffer
3F6Y,A,HOH,486,,A:HOH:486,solvent_or_buffer,1,1,18.83013438613756,0,1,False,excluded as solvent_or_buffer
3F6Y,A,HOH,408,,A:HOH:408,solvent_or_buffer,1,1,18.85519814268734,0,1,False,excluded as solvent_or_buffer
3F6Y,A,HOH,381,,A:HOH:381,solvent_or_buffer,1,1,18.89909304702213,0,1,False,excluded as solvent_or_buffer
3F6Y,A,HOH,507,,A:HOH:507,solvent_or_buffer,1,1,18.943703571371678,0,1,False,excluded as solvent_or_buffer
3F6Y,A,HOH,415,,A:HOH:415,solvent_or_buffer,1,1,19.02897175361821,0,2,False,excluded as solvent_or_buffer
3F6Y,A,HOH,12,,A:HOH:12,solvent_or_buffer,1,1,19.04816741841588,0,4,False,excluded as solvent_or_buffer
3F6Y,A,HOH,27,,A:HOH:27,solvent_or_buffer,1,1,19.091428888378157,0,3,False,excluded as solvent_or_buffer
3F6Y,A,HOH,463,,A:HOH:463,solvent_or_buffer,1,1,19.35160722007348,0,3,False,excluded as solvent_or_buffer
3F6Y,A,HOH,390,,A:HOH:390,solvent_or_buffer,1,1,19.382938528510067,0,1,False,excluded as solvent_or_buffer
3F6Y,A,HOH,427,,A:HOH:427,solvent_or_buffer,1,1,19.45779725457124,0,1,False,excluded as solvent_or_buffer
3F6Y,A,HOH,516,,A:HOH:516,solvent_or_buffer,1,1,19.470136260437418,0,1,False,excluded as solvent_or_buffer
3F6Y,A,HOH,332,,A:HOH:332,solvent_or_buffer,1,1,19.47040998541119,0,4,False,excluded as solvent_or_buffer
3F6Y,A,HOH,398,,A:HOH:398,solvent_or_buffer,1,1,19.495330594786022,0,3,False,excluded as solvent_or_buffer
3F6Y,A,HOH,342,,A:HOH:342,solvent_or_buffer,1,1,19.50342108451746,0,4,False,excluded as solvent_or_buffer
3F6Y,A,HOH,505,,A:HOH:505,solvent_or_buffer,1,1,19.679159153785,0,3,False,excluded as solvent_or_buffer
3F6Y,A,HOH,529,,A:HOH:529,solvent_or_buffer,1,1,19.710529825451168,0,2,False,excluded as solvent_or_buffer
3F6Y,A,HOH,523,,A:HOH:523,solvent_or_buffer,1,1,20.207811410442254,0,3,False,excluded as solvent_or_buffer
3F6Y,A,HOH,449,,A:HOH:449,solvent_or_buffer,1,1,20.399286776747857,0,3,False,excluded as solvent_or_buffer
3F6Y,A,HOH,485,,A:HOH:485,solvent_or_buffer,1,1,20.677494045459184,0,2,False,excluded as solvent_or_buffer
3F6Y,A,HOH,341,,A:HOH:341,solvent_or_buffer,1,1,20.681458821852964,0,4,False,excluded as solvent_or_buffer
3F6Y,A,HOH,496,,A:HOH:496,solvent_or_buffer,1,1,20.768133738976164,0,2,False,excluded as solvent_or_buffer
3F6Y,A,HOH,539,,A:HOH:539,solvent_or_buffer,1,1,20.85768937346608,0,2,False,excluded as solvent_or_buffer
3F6Y,A,HOH,550,,A:HOH:550,solvent_or_buffer,1,1,20.863856906142736,0,4,False,excluded as solvent_or_buffer
3F6Y,A,HOH,442,,A:HOH:442,solvent_or_buffer,1,1,21.043265264687417,0,3,False,excluded as solvent_or_buffer
3F6Y,A,HOH,531,,A:HOH:531,solvent_or_buffer,1,1,21.18673023380437,0,2,False,excluded as solvent_or_buffer
3F6Y,A,HOH,509,,A:HOH:509,solvent_or_buffer,1,1,21.700197810158322,0,2,False,excluded as solvent_or_buffer
3F6Y,A,HOH,423,,A:HOH:423,solvent_or_buffer,1,1,22.633828774646155,0,3,False,excluded as solvent_or_buffer
3F6Y,A,HOH,540,,A:HOH:540,solvent_or_buffer,1,1,24.10101607816567,0,2,False,excluded as solvent_or_buffer
3F6Y,A,HOH,534,,A:HOH:534,solvent_or_buffer,1,1,24.637067459419765,0,1,False,excluded as solvent_or_buffer
3F6Y,A,HOH,480,,A:HOH:480,solvent_or_buffer,1,1,24.695130167707156,0,3,False,excluded as solvent_or_buffer
3F6Y,A,HOH,4,,A:HOH:4,solvent_or_buffer,1,1,24.877110222049502,0,4,False,excluded as solvent_or_buffer
3F6Y,A,HOH,538,,A:HOH:538,solvent_or_buffer,1,1,26.81665294178228,0,1,False,excluded as solvent_or_buffer
3F6Y,A,HOH,436,,A:HOH:436,solvent_or_buffer,1,1,27.98038729181567,0,2,False,excluded as solvent_or_buffer
3F6Y,A,HOH,541,,A:HOH:541,solvent_or_buffer,1,1,28.04316831244287,0,1,False,excluded as solvent_or_buffer
3F6Y,A,HOH,527,,A:HOH:527,solvent_or_buffer,1,1,28.580394696364856,0,1,False,excluded as solvent_or_buffer
3F6Y,A,HOH,477,,A:HOH:477,solvent_or_buffer,1,1,28.94375526776026,0,1,False,excluded as solvent_or_buffer
3F6Y,A,HOH,375,,A:HOH:375,solvent_or_buffer,1,1,30.651971714720084,0,3,False,excluded as solvent_or_buffer
3F6Y,A,HOH,546,,A:HOH:546,solvent_or_buffer,1,1,31.338436751057003,0,1,False,excluded as solvent_or_buffer
3F6Y,A,HOH,28,,A:HOH:28,solvent_or_buffer,1,1,32.0162218570524,0,1,False,excluded as solvent_or_buffer
