scenario_type,result_name,rcsb_pdb_id,parameter_name,parameter_value,is_baseline_parameter,pocket_name,p2rank_score,p2rank_probability,chain_filter,source_path,predicted_residue_count,truth_count,exact_overlap_count,exact_truth_coverage,exact_predicted_precision,exact_jaccard,exact_f1,missing_truth_count,extra_predicted_count,missing_truth_risk,overwide_risk,utility_score,missing_truth_residues,extra_predicted_residues,predicted_residues
p2rank_rank_choice,3ROP_p2rank_rank2_chainA,3ROP,rank,1,False,pocket1,16.35,0.777,A,D:\minimal_ML_test\benchmarks\cd38\results\3ROP_p2rank_rank2_chainA\source_predictions.csv,0,7,0,0.0,,0.0,,7,0,1.0,,0.0,A:125;A:127;A:146;A:155;A:189;A:193;A:226,,
p2rank_rank_choice,3ROP_p2rank_rank2_chainA,3ROP,rank,2,True,pocket2,14.68,0.731,A,D:\minimal_ML_test\benchmarks\cd38\results\3ROP_p2rank_rank2_chainA\source_predictions.csv,14,7,7,1.0,0.5,0.5,0.6666666666666666,0,7,0.0,0.5,0.8,,A:126;A:129;A:145;A:156;A:220;A:221;A:222,A:125;A:126;A:127;A:129;A:145;A:146;A:155;A:156;A:189;A:193;A:220;A:221;A:222;A:226
p2rank_rank_choice,3ROP_p2rank_rank2_chainA,3ROP,rank,3,False,pocket3,9.29,0.498,A,D:\minimal_ML_test\benchmarks\cd38\results\3ROP_p2rank_rank2_chainA\source_predictions.csv,7,7,0,0.0,0.0,0.0,,7,7,1.0,1.0,0.0,A:125;A:127;A:146;A:155;A:189;A:193;A:226,A:218;A:219;A:223;A:224;A:228;A:261;A:265,A:218;A:219;A:223;A:224;A:228;A:261;A:265
p2rank_rank_choice,3ROP_p2rank_rank2_chainA,3ROP,rank,4,False,pocket4,5.41,0.257,A,D:\minimal_ML_test\benchmarks\cd38\results\3ROP_p2rank_rank2_chainA\source_predictions.csv,9,7,0,0.0,0.0,0.0,,7,9,1.0,1.0,0.0,A:125;A:127;A:146;A:155;A:189;A:193;A:226,A:176;A:181;A:182;A:186;A:190;A:219;A:221;A:224;A:225,A:176;A:181;A:182;A:186;A:190;A:219;A:221;A:224;A:225
p2rank_rank_choice,3ROP_p2rank_rank2_chainA,3ROP,rank,5,False,pocket5,3.24,0.112,A,D:\minimal_ML_test\benchmarks\cd38\results\3ROP_p2rank_rank2_chainA\source_predictions.csv,0,7,0,0.0,,0.0,,7,0,1.0,,0.0,A:125;A:127;A:146;A:155;A:189;A:193;A:226,,
p2rank_rank_choice,3ROP_p2rank_rank2_chainA,3ROP,rank,6,False,pocket6,2.83,0.088,A,D:\minimal_ML_test\benchmarks\cd38\results\3ROP_p2rank_rank2_chainA\source_predictions.csv,11,7,0,0.0,0.0,0.0,,7,11,1.0,1.0,0.0,A:125;A:127;A:146;A:155;A:189;A:193;A:226,A:69;A:70;A:73;A:74;A:136;A:137;A:140;A:142;A:143;A:147;A:152,A:69;A:70;A:73;A:74;A:136;A:137;A:140;A:142;A:143;A:147;A:152
p2rank_rank_choice,3ROP_p2rank_rank2_chainA,3ROP,rank,7,False,pocket7,2.59,0.074,A,D:\minimal_ML_test\benchmarks\cd38\results\3ROP_p2rank_rank2_chainA\source_predictions.csv,13,7,1,0.14285714285714285,0.07692307692307693,0.05263157894736842,0.1,6,12,0.8571428571428572,0.9230769230769231,0.11648351648351647,A:125;A:127;A:146;A:155;A:193;A:226,A:53;A:156;A:157;A:158;A:173;A:174;A:175;A:176;A:183;A:185;A:186;A:221,A:53;A:156;A:157;A:158;A:173;A:174;A:175;A:176;A:183;A:185;A:186;A:189;A:221
p2rank_rank_choice,3ROP_p2rank_rank2_chainA,3ROP,rank,8,False,pocket8,2.57,0.073,A,D:\minimal_ML_test\benchmarks\cd38\results\3ROP_p2rank_rank2_chainA\source_predictions.csv,6,7,0,0.0,0.0,0.0,,7,6,1.0,1.0,0.0,A:125;A:127;A:146;A:155;A:189;A:193;A:226,A:190;A:194;A:224;A:225;A:228;A:229,A:190;A:194;A:224;A:225;A:228;A:229
p2rank_rank_choice,3ROP_p2rank_rank2_chainA,3ROP,rank,9,False,pocket9,2.1,0.048,A,D:\minimal_ML_test\benchmarks\cd38\results\3ROP_p2rank_rank2_chainA\source_predictions.csv,0,7,0,0.0,,0.0,,7,0,1.0,,0.0,A:125;A:127;A:146;A:155;A:189;A:193;A:226,,
p2rank_rank_choice,3ROP_p2rank_rank2_chainA,3ROP,rank,10,False,pocket10,1.94,0.04,A,D:\minimal_ML_test\benchmarks\cd38\results\3ROP_p2rank_rank2_chainA\source_predictions.csv,9,7,0,0.0,0.0,0.0,,7,9,1.0,1.0,0.0,A:125;A:127;A:146;A:155;A:189;A:193;A:226,A:135;A:142;A:205;A:239;A:241;A:276;A:278;A:284;A:288,A:135;A:142;A:205;A:239;A:241;A:276;A:278;A:284;A:288
p2rank_rank_choice,3ROP_p2rank_rank2_chainA,3ROP,rank,11,False,pocket11,1.82,0.034,A,D:\minimal_ML_test\benchmarks\cd38\results\3ROP_p2rank_rank2_chainA\source_predictions.csv,0,7,0,0.0,,0.0,,7,0,1.0,,0.0,A:125;A:127;A:146;A:155;A:189;A:193;A:226,,
p2rank_rank_choice,3ROP_p2rank_rank2_chainA,3ROP,rank,12,False,pocket12,1.2,0.011,A,D:\minimal_ML_test\benchmarks\cd38\results\3ROP_p2rank_rank2_chainA\source_predictions.csv,7,7,0,0.0,0.0,0.0,,7,7,1.0,1.0,0.0,A:125;A:127;A:146;A:155;A:189;A:193;A:226,A:113;A:115;A:148;A:150;A:192;A:195;A:196,A:113;A:115;A:148;A:150;A:192;A:195;A:196
p2rank_rank_choice,4OGW_p2rank_rank1_chainA,4OGW,rank,1,True,pocket1,18.02,0.813,A,D:\minimal_ML_test\benchmarks\cd38\results\4OGW_p2rank_rank1_chainA\source_predictions.csv,26,7,7,1.0,0.2692307692307692,0.2692307692307692,0.42424242424242425,0,19,0.0,0.7307692307692308,0.7076923076923076,,A:52;A:53;A:123;A:124;A:126;A:129;A:145;A:156;A:157;A:158;A:173;A:174;A:175;A:176;A:183;A:185;A:186;A:221;A:222,A:52;A:53;A:123;A:124;A:125;A:126;A:127;A:129;A:145;A:146;A:155;A:156;A:157;A:158;A:173;A:174;A:175;A:176;A:183;A:185;A:186;A:189;A:193;A:221;A:222;A:226
p2rank_rank_choice,4OGW_p2rank_rank1_chainA,4OGW,rank,2,False,pocket2,4.96,0.224,A,D:\minimal_ML_test\benchmarks\cd38\results\4OGW_p2rank_rank1_chainA\source_predictions.csv,12,7,1,0.14285714285714285,0.08333333333333333,0.05555555555555555,0.10526315789473685,6,11,0.8571428571428572,0.9166666666666666,0.11904761904761904,A:125;A:127;A:155;A:189;A:193;A:226,A:70;A:73;A:74;A:133;A:136;A:137;A:140;A:142;A:143;A:147;A:152,A:70;A:73;A:74;A:133;A:136;A:137;A:140;A:142;A:143;A:146;A:147;A:152
p2rank_rank_choice,4OGW_p2rank_rank1_chainA,4OGW,rank,3,False,pocket3,4.8,0.213,A,D:\minimal_ML_test\benchmarks\cd38\results\4OGW_p2rank_rank1_chainA\source_predictions.csv,15,7,0,0.0,0.0,0.0,,7,15,1.0,1.0,0.0,A:125;A:127;A:146;A:155;A:189;A:193;A:226,A:120;A:121;A:135;A:139;A:142;A:203;A:205;A:239;A:241;A:276;A:277;A:278;A:284;A:288;A:291,A:120;A:121;A:135;A:139;A:142;A:203;A:205;A:239;A:241;A:276;A:277;A:278;A:284;A:288;A:291
p2rank_rank_choice,4OGW_p2rank_rank1_chainA,4OGW,rank,4,False,pocket4,1.11,0.008,A,D:\minimal_ML_test\benchmarks\cd38\results\4OGW_p2rank_rank1_chainA\source_predictions.csv,8,7,0,0.0,0.0,0.0,,7,8,1.0,1.0,0.0,A:125;A:127;A:146;A:155;A:189;A:193;A:226,A:113;A:115;A:145;A:148;A:150;A:192;A:195;A:196,A:113;A:115;A:145;A:148;A:150;A:192;A:195;A:196
