predicted_uid,best_truth_uid,min_distance_to_truth,is_exact_overlap,is_near_truth
A:123:_:LEU:ATOM,A:125:_:TRP:ATOM,4.393752693618749,False,True
A:124:_:LEU:ATOM,A:125:_:TRP:ATOM,1.3274784073449013,False,True
A:125:_:TRP:ATOM,A:125:_:TRP:ATOM,0.0,True,True
A:126:_:SER:ATOM,A:125:_:TRP:ATOM,1.3264819257180651,False,True
A:127:_:ARG:ATOM,A:127:_:ARG:ATOM,0.0,True,True
A:129:_:LYS:ATOM,A:155:_:ASP:ATOM,2.6399733911186463,False,True
A:145:_:LEU:ATOM,A:146:_:GLU:ATOM,1.3261999903334258,False,True
A:146:_:GLU:ATOM,A:146:_:GLU:ATOM,0.0,True,True
A:155:_:ASP:ATOM,A:155:_:ASP:ATOM,0.0,True,True
A:156:_:ASP:ATOM,A:155:_:ASP:ATOM,1.3331216232235918,False,True
A:157:_:LEU:ATOM,A:155:_:ASP:ATOM,3.1922049651045823,False,True
A:158:_:THR:ATOM,A:155:_:ASP:ATOM,6.726037678201568,False,False
A:173:_:CYS:ATOM,A:189:_:TRP:ATOM,11.561837480417468,False,False
A:174:_:PRO:ATOM,A:189:_:TRP:ATOM,10.775189588298767,False,False
A:175:_:ASP:ATOM,A:189:_:TRP:ATOM,12.096332550348292,False,False
A:176:_:TRP:ATOM,A:189:_:TRP:ATOM,10.011861937431929,False,False
A:183:_:ASN:ATOM,A:189:_:TRP:ATOM,6.854312064449563,False,False
A:185:_:VAL:ATOM,A:189:_:TRP:ATOM,3.120935313446174,False,True
A:186:_:SER:ATOM,A:189:_:TRP:ATOM,3.5547525367378263,False,True
A:189:_:TRP:ATOM,A:189:_:TRP:ATOM,0.0,True,True
A:193:_:SER:ATOM,A:193:_:SER:ATOM,0.0,True,True
A:221:_:THR:ATOM,A:226:_:GLN:ATOM,3.0311979144683487,False,True
A:222:_:PHE:ATOM,A:226:_:GLN:ATOM,3.297839755572943,False,True
A:226:_:GLN:ATOM,A:226:_:GLN:ATOM,0.0,True,True
A:52:_:GLY:ATOM,A:189:_:TRP:ATOM,13.458706517546702,False,False
A:53:_:PRO:ATOM,A:189:_:TRP:ATOM,11.760921458696737,False,False
